8ZS-钟山野马寨电厂蓄煤楼FCHB-ZD-2,202009270700,17563.367
8ZS-钟山野马寨电厂蓄煤楼FCHB-ZD-2,202009270800,42090.21
8ZS-钟山野马寨电厂蓄煤楼FCHB-ZD-2,202009270900,79376.15
8ZS-钟山野马寨电厂蓄煤楼FCHB-ZD-2,202009271000,86319.33
8ZS-钟山野马寨电厂蓄煤楼FCHB-ZD-2,202009271100,89085.38
8ZS-钟山野马寨电厂蓄煤楼FCHB-ZD-2,202009271200,93821.19
8ZS-钟山野马寨电厂蓄煤楼FCHB-ZD-2,202009271300,89524.35
8ZS-钟山野马寨电厂蓄煤楼FCHB-ZD-2,202009271400,98990.73
8ZS-钟山野马寨电厂蓄煤楼FCHB-ZD-2,202009271500,95958.72
8ZS-钟山野马寨电厂蓄煤楼FCHB-ZD-2,202009271600,93099.46
8ZS-钟山野马寨电厂蓄煤楼FCHB-ZD-2,202009271700,99626.91
8ZS-钟山野马寨电厂蓄煤楼FCHB-ZD-2,202009271800,100373.86
8ZS-钟山野马寨电厂蓄煤楼FCHB-ZD-2,202009271900,101261.38
8ZS-钟山野马寨电厂蓄煤楼FCHB-ZD-2,202009272000,102693.57
8ZS-钟山野马寨电厂蓄煤楼FCHB-ZD-2,202009272100,107438.586
8ZS-钟山野马寨电厂蓄煤楼FCHB-ZD-2,202009272200,112672.914
8ZS-钟山野马寨电厂蓄煤楼FCHB-ZD-2,202009272300,109729.87
8ZS-钟山野马寨电厂蓄煤楼FCHB-ZD-2,202009280000,101163.6
8ZS-钟山野马寨电厂蓄煤楼FCHB-ZD-2,202009280100,76233.266
8ZS-钟山野马寨电厂蓄煤楼FCHB-ZD-2,202009280200,19805.795
8ZS-钟山野马寨电厂蓄煤楼FCHB-ZD-2,202009280300,12967.836
8ZS-钟山野马寨电厂蓄煤楼FCHB-ZD-2,202009280400,11104.631
8ZS-钟山野马寨电厂蓄煤楼FCHB-ZD-2,202009280500,12885.522
8ZS-钟山野马寨电厂蓄煤楼FCHB-ZD-2,202009280600,29870.78
