201910270000,855,黔东南,红包业务,0.00
201910270005,855,黔东南,红包业务,0.00
201910270010,855,黔东南,红包业务,0.00
201910270015,855,黔东南,红包业务,0.00
201910270020,855,黔东南,红包业务,0.00
201910270025,855,黔东南,红包业务,0.00
201910270030,855,黔东南,红包业务,0.00
201910270035,855,黔东南,红包业务,0.00
201910270040,855,黔东南,红包业务,0.00
201910270045,855,黔东南,红包业务,0.00
201910270050,855,黔东南,红包业务,0.00
201910270055,855,黔东南,红包业务,0.00
201910270100,855,黔东南,红包业务,0.00
201910270105,855,黔东南,红包业务,0.00
201910270110,855,黔东南,红包业务,0.00
201910270115,855,黔东南,红包业务,0.00
201910270120,855,黔东南,红包业务,0.00
201910270125,855,黔东南,红包业务,0.00
201910270130,855,黔东南,红包业务,0.00
201910270135,855,黔东南,红包业务,0.00
201910270140,855,黔东南,红包业务,0.00
201910270145,855,黔东南,红包业务,0.00
201910270150,855,黔东南,红包业务,0.00
201910270155,855,黔东南,红包业务,0.00
201910270200,855,黔东南,红包业务,0.00
201910270205,855,黔东南,红包业务,0.00
201910270210,855,黔东南,红包业务,0.00
201910270215,855,黔东南,红包业务,0.00
201910270220,855,黔东南,红包业务,0.00
201910270225,855,黔东南,红包业务,0.00
201910270230,855,黔东南,红包业务,0.00
201910270235,855,黔东南,红包业务,0.00
201910270240,855,黔东南,红包业务,0.00
201910270245,855,黔东南,红包业务,0.00
201910270250,855,黔东南,红包业务,0.00
201910270255,855,黔东南,红包业务,0.00
201910270300,855,黔东南,红包业务,0.00
201910270305,855,黔东南,红包业务,0.00
201910270310,855,黔东南,红包业务,0.00
201910270315,855,黔东南,红包业务,0.00
201910270320,855,黔东南,红包业务,0.00
201910270325,855,黔东南,红包业务,0.00
201910270330,855,黔东南,红包业务,0.00
201910270335,855,黔东南,红包业务,0.00
201910270340,855,黔东南,红包业务,0.00
201910270345,855,黔东南,红包业务,0.00
201910270350,855,黔东南,红包业务,0.00
201910270355,855,黔东南,红包业务,0.00
201910270400,855,黔东南,红包业务,0.00
201910270405,855,黔东南,红包业务,0.00
201910270410,855,黔东南,红包业务,0.00
201910270415,855,黔东南,红包业务,0.00
201910270420,855,黔东南,红包业务,0.00
201910270425,855,黔东南,红包业务,0.00
201910270430,855,黔东南,红包业务,0.00
201910270435,855,黔东南,红包业务,0.00
201910270440,855,黔东南,红包业务,0.00
201910270445,855,黔东南,红包业务,0.00
201910270450,855,黔东南,红包业务,0.00
201910270455,855,黔东南,红包业务,0.00
201910270500,855,黔东南,红包业务,0.00
201910270505,855,黔东南,红包业务,0.00
201910270510,855,黔东南,红包业务,0.00
201910270515,855,黔东南,红包业务,0.00
201910270520,855,黔东南,红包业务,0.00
201910270525,855,黔东南,红包业务,0.00
201910270530,855,黔东南,红包业务,0.00
201910270535,855,黔东南,红包业务,0.00
201910270540,855,黔东南,红包业务,0.00
201910270545,855,黔东南,红包业务,0.00
201910270550,855,黔东南,红包业务,0.00
201910270555,855,黔东南,红包业务,0.00
201910270600,855,黔东南,红包业务,0.00
201910270605,855,黔东南,红包业务,0.00
201910270610,855,黔东南,红包业务,0.00
201910270615,855,黔东南,红包业务,0.00
201910270620,855,黔东南,红包业务,0.00
201910270625,855,黔东南,红包业务,0.00
201910270630,855,黔东南,红包业务,0.00
201910270635,855,黔东南,红包业务,0.00
201910270640,855,黔东南,红包业务,0.00
201910270645,855,黔东南,红包业务,0.00
201910270650,855,黔东南,红包业务,0.00
201910270655,855,黔东南,红包业务,0.00
201910270700,855,黔东南,红包业务,0.00
201910270705,855,黔东南,红包业务,0.00
201910270710,855,黔东南,红包业务,0.00
201910270715,855,黔东南,红包业务,0.00
201910270720,855,黔东南,红包业务,0.00
201910270725,855,黔东南,红包业务,0.00
201910270730,855,黔东南,红包业务,0.00
201910270735,855,黔东南,红包业务,0.00
201910270740,855,黔东南,红包业务,0.00
201910270745,855,黔东南,红包业务,0.00
201910270750,855,黔东南,红包业务,0.00
201910270755,855,黔东南,红包业务,0.00
201910270800,855,黔东南,红包业务,0.00
201910270805,855,黔东南,红包业务,0.00
201910270810,855,黔东南,红包业务,0.00
201910270815,855,黔东南,红包业务,0.00
201910270820,855,黔东南,红包业务,0.00
201910270825,855,黔东南,红包业务,0.00
201910270830,855,黔东南,红包业务,0.00
201910270835,855,黔东南,红包业务,0.00
201910270840,855,黔东南,红包业务,0.00
201910270845,855,黔东南,红包业务,0.00
201910270850,855,黔东南,红包业务,0.00
201910270855,855,黔东南,红包业务,0.00
201910270900,855,黔东南,红包业务,0.00
201910270905,855,黔东南,红包业务,0.00
201910270910,855,黔东南,红包业务,0.00
201910270915,855,黔东南,红包业务,0.00
201910270920,855,黔东南,红包业务,0.00
201910270925,855,黔东南,红包业务,0.00
201910270930,855,黔东南,红包业务,0.00
201910270935,855,黔东南,红包业务,0.00
201910270940,855,黔东南,红包业务,0.00
201910270945,855,黔东南,红包业务,0.00
201910270950,855,黔东南,红包业务,0.00
201910270955,855,黔东南,红包业务,0.00
201910271000,855,黔东南,红包业务,0.00
201910271005,855,黔东南,红包业务,0.00
201910271010,855,黔东南,红包业务,0.00
201910271015,855,黔东南,红包业务,0.00
201910271020,855,黔东南,红包业务,0.00
201910271025,855,黔东南,红包业务,0.00
201910271030,855,黔东南,红包业务,0.00
201910271035,855,黔东南,红包业务,0.00
201910271040,855,黔东南,红包业务,0.00
201910271045,855,黔东南,红包业务,0.00
201910271050,855,黔东南,红包业务,0.00
201910271055,855,黔东南,红包业务,0.00
201910271105,855,黔东南,红包业务,0.00
201910271110,855,黔东南,红包业务,0.00
201910271115,855,黔东南,红包业务,0.00
201910271120,855,黔东南,红包业务,0.00
201910271125,855,黔东南,红包业务,0.00
201910271130,855,黔东南,红包业务,0.00
201910271135,855,黔东南,红包业务,0.00
201910271140,855,黔东南,红包业务,0.00
201910271145,855,黔东南,红包业务,0.00
201910271150,855,黔东南,红包业务,0.00
201910271155,855,黔东南,红包业务,0.00
201910271200,855,黔东南,红包业务,0.00
201910271205,855,黔东南,红包业务,0.00
201910271210,855,黔东南,红包业务,0.00
201910271215,855,黔东南,红包业务,0.00
201910271220,855,黔东南,红包业务,0.00
201910271225,855,黔东南,红包业务,0.00
201910271230,855,黔东南,红包业务,0.00
201910271235,855,黔东南,红包业务,0.00
201910271240,855,黔东南,红包业务,0.00
201910271245,855,黔东南,红包业务,0.00
201910271250,855,黔东南,红包业务,0.00
201910271255,855,黔东南,红包业务,0.00
201910271300,855,黔东南,红包业务,0.00
201910271305,855,黔东南,红包业务,0.00
201910271310,855,黔东南,红包业务,0.00
201910271315,855,黔东南,红包业务,0.00
201910271320,855,黔东南,红包业务,0.00
201910271325,855,黔东南,红包业务,0.00
201910271330,855,黔东南,红包业务,0.00
201910271335,855,黔东南,红包业务,0.00
201910271340,855,黔东南,红包业务,0.00
201910271345,855,黔东南,红包业务,0.00
201910271350,855,黔东南,红包业务,0.00
201910271355,855,黔东南,红包业务,0.00
201910271400,855,黔东南,红包业务,0.00
201910271405,855,黔东南,红包业务,0.00
201910271410,855,黔东南,红包业务,0.00
201910271415,855,黔东南,红包业务,0.00
201910271420,855,黔东南,红包业务,0.00
201910271425,855,黔东南,红包业务,0.00
201910271430,855,黔东南,红包业务,0.00
201910271435,855,黔东南,红包业务,0.00
201910271440,855,黔东南,红包业务,0.00
201910271445,855,黔东南,红包业务,0.00
201910271450,855,黔东南,红包业务,0.00
201910271455,855,黔东南,红包业务,0.00
201910271500,855,黔东南,红包业务,0.00
201910271505,855,黔东南,红包业务,0.00
201910271510,855,黔东南,红包业务,0.00
201910271515,855,黔东南,红包业务,0.00
201910271520,855,黔东南,红包业务,0.00
201910271525,855,黔东南,红包业务,0.00
201910271530,855,黔东南,红包业务,0.00
201910271535,855,黔东南,红包业务,0.00
201910271540,855,黔东南,红包业务,0.00
201910271545,855,黔东南,红包业务,0.00
201910271550,855,黔东南,红包业务,0.00
201910271555,855,黔东南,红包业务,0.00
201910271600,855,黔东南,红包业务,0.00
201910271605,855,黔东南,红包业务,0.00
201910271610,855,黔东南,红包业务,0.00
201910271615,855,黔东南,红包业务,0.00
201910271620,855,黔东南,红包业务,0.00
201910271625,855,黔东南,红包业务,0.00
201910271630,855,黔东南,红包业务,0.00
201910271635,855,黔东南,红包业务,0.00
201910271640,855,黔东南,红包业务,0.00
201910271645,855,黔东南,红包业务,0.00
201910271650,855,黔东南,红包业务,0.00
201910271655,855,黔东南,红包业务,0.00
201910271700,855,黔东南,红包业务,0.00
201910271705,855,黔东南,红包业务,0.00
201910271710,855,黔东南,红包业务,0.00
201910271715,855,黔东南,红包业务,0.00
201910271720,855,黔东南,红包业务,0.00
201910271725,855,黔东南,红包业务,0.00
201910271730,855,黔东南,红包业务,0.00
201910271735,855,黔东南,红包业务,0.00
201910271740,855,黔东南,红包业务,0.00
201910271745,855,黔东南,红包业务,0.00
201910271750,855,黔东南,红包业务,0.00
201910271755,855,黔东南,红包业务,0.00
201910271800,855,黔东南,红包业务,0.00
201910271805,855,黔东南,红包业务,0.00
201910271810,855,黔东南,红包业务,0.00
201910271815,855,黔东南,红包业务,0.00
201910271820,855,黔东南,红包业务,0.00
201910271825,855,黔东南,红包业务,0.00
201910271830,855,黔东南,红包业务,0.00
201910271835,855,黔东南,红包业务,0.00
201910271840,855,黔东南,红包业务,0.00
201910271845,855,黔东南,红包业务,0.00
201910271850,855,黔东南,红包业务,0.00
201910271855,855,黔东南,红包业务,0.00
201910271900,855,黔东南,红包业务,0.00
201910271905,855,黔东南,红包业务,0.00
201910271910,855,黔东南,红包业务,0.00
201910271915,855,黔东南,红包业务,0.00
201910271920,855,黔东南,红包业务,0.00
201910271925,855,黔东南,红包业务,0.00
201910271930,855,黔东南,红包业务,0.00
201910271935,855,黔东南,红包业务,0.00
201910271940,855,黔东南,红包业务,0.00
201910271945,855,黔东南,红包业务,0.00
201910271950,855,黔东南,红包业务,0.00
201910272000,855,黔东南,红包业务,0.00
201910272005,855,黔东南,红包业务,0.00
201910272010,855,黔东南,红包业务,0.00
201910272015,855,黔东南,红包业务,0.00
201910272020,855,黔东南,红包业务,0.00
201910272025,855,黔东南,红包业务,0.00
201910272030,855,黔东南,红包业务,0.00
201910272035,855,黔东南,红包业务,0.00
201910272040,855,黔东南,红包业务,0.00
201910272045,855,黔东南,红包业务,0.00
201910272050,855,黔东南,红包业务,0.00
201910272055,855,黔东南,红包业务,0.00
201910272100,855,黔东南,红包业务,0.00
201910272105,855,黔东南,红包业务,0.00
201910272110,855,黔东南,红包业务,0.00
201910272115,855,黔东南,红包业务,0.00
201910272120,855,黔东南,红包业务,0.00
201910272125,855,黔东南,红包业务,0.00
201910272130,855,黔东南,红包业务,0.00
201910272135,855,黔东南,红包业务,0.00
201910272140,855,黔东南,红包业务,0.00
201910272145,855,黔东南,红包业务,0.00
201910272150,855,黔东南,红包业务,0.00
201910272155,855,黔东南,红包业务,0.00
201910272200,855,黔东南,红包业务,0.00
201910272205,855,黔东南,红包业务,0.00
201910272210,855,黔东南,红包业务,0.00
201910272215,855,黔东南,红包业务,0.00
201910272220,855,黔东南,红包业务,0.00
201910272225,855,黔东南,红包业务,0.00
201910272230,855,黔东南,红包业务,0.00
201910272235,855,黔东南,红包业务,0.00
201910272240,855,黔东南,红包业务,0.00
201910272245,855,黔东南,红包业务,0.00
201910272250,855,黔东南,红包业务,0.00
201910272255,855,黔东南,红包业务,0.00
201910272300,855,黔东南,红包业务,0.00
201910272305,855,黔东南,红包业务,0.00
201910272310,855,黔东南,红包业务,0.00
201910272315,855,黔东南,红包业务,0.00
201910272320,855,黔东南,红包业务,0.00
201910272325,855,黔东南,红包业务,0.00
201910272330,855,黔东南,红包业务,0.00
201910272335,855,黔东南,红包业务,0.00
201910272340,855,黔东南,红包业务,0.00
201910272345,855,黔东南,红包业务,0.00
201910272350,855,黔东南,红包业务,0.00
201910272355,855,黔东南,红包业务,0.00
201910280000,855,黔东南,红包业务,0.00
201910280005,855,黔东南,红包业务,0.00
201910280010,855,黔东南,红包业务,0.00
201910280015,855,黔东南,红包业务,0.00
201910280020,855,黔东南,红包业务,0.00
201910280025,855,黔东南,红包业务,0.00
201910280030,855,黔东南,红包业务,0.00
201910280035,855,黔东南,红包业务,0.00
201910280040,855,黔东南,红包业务,0.00
201910280045,855,黔东南,红包业务,0.00
201910280050,855,黔东南,红包业务,0.00
201910280055,855,黔东南,红包业务,0.00
201910280100,855,黔东南,红包业务,0.00
201910280105,855,黔东南,红包业务,0.00
201910280110,855,黔东南,红包业务,0.00
201910280115,855,黔东南,红包业务,0.00
201910280120,855,黔东南,红包业务,0.00
201910280125,855,黔东南,红包业务,0.00
201910280130,855,黔东南,红包业务,0.00
201910280135,855,黔东南,红包业务,0.00
201910280140,855,黔东南,红包业务,0.00
201910280145,855,黔东南,红包业务,0.00
201910280150,855,黔东南,红包业务,0.00
201910280155,855,黔东南,红包业务,0.00
201910280200,855,黔东南,红包业务,0.00
201910280205,855,黔东南,红包业务,0.00
201910280210,855,黔东南,红包业务,0.00
201910280215,855,黔东南,红包业务,0.00
201910280220,855,黔东南,红包业务,0.00
201910280225,855,黔东南,红包业务,0.00
201910280230,855,黔东南,红包业务,0.00
201910280235,855,黔东南,红包业务,0.00
201910280240,855,黔东南,红包业务,0.00
201910280245,855,黔东南,红包业务,0.00
201910280250,855,黔东南,红包业务,0.00
201910280255,855,黔东南,红包业务,0.00
201910280300,855,黔东南,红包业务,0.00
201910280305,855,黔东南,红包业务,0.00
201910280310,855,黔东南,红包业务,0.00
201910280315,855,黔东南,红包业务,0.00
201910280320,855,黔东南,红包业务,0.00
201910280325,855,黔东南,红包业务,0.00
201910280330,855,黔东南,红包业务,0.00
201910280335,855,黔东南,红包业务,0.00
201910280340,855,黔东南,红包业务,0.00
201910280345,855,黔东南,红包业务,0.00
201910280350,855,黔东南,红包业务,0.00
201910280355,855,黔东南,红包业务,0.00
201910280400,855,黔东南,红包业务,0.00
201910280405,855,黔东南,红包业务,0.00
201910280410,855,黔东南,红包业务,0.00
201910280415,855,黔东南,红包业务,0.00
201910280420,855,黔东南,红包业务,0.00
201910280425,855,黔东南,红包业务,0.00
201910280430,855,黔东南,红包业务,0.00
201910280435,855,黔东南,红包业务,0.00
201910280440,855,黔东南,红包业务,0.00
201910280445,855,黔东南,红包业务,0.00
201910280450,855,黔东南,红包业务,0.00
201910280455,855,黔东南,红包业务,0.00
201910280500,855,黔东南,红包业务,0.00
201910280505,855,黔东南,红包业务,0.00
201910280510,855,黔东南,红包业务,0.00
201910280515,855,黔东南,红包业务,0.00
201910280520,855,黔东南,红包业务,0.00
201910280525,855,黔东南,红包业务,0.00
201910280530,855,黔东南,红包业务,0.00
201910280535,855,黔东南,红包业务,0.00
201910280540,855,黔东南,红包业务,0.00
201910280545,855,黔东南,红包业务,0.00
201910280550,855,黔东南,红包业务,0.00
201910280555,855,黔东南,红包业务,0.00
201910280600,855,黔东南,红包业务,0.00
201910280605,855,黔东南,红包业务,0.00
201910280610,855,黔东南,红包业务,0.00
201910280615,855,黔东南,红包业务,0.00
201910280620,855,黔东南,红包业务,0.00
201910280625,855,黔东南,红包业务,0.00
201910280630,855,黔东南,红包业务,0.00
201910280635,855,黔东南,红包业务,0.00
201910280640,855,黔东南,红包业务,0.00
201910280645,855,黔东南,红包业务,0.00
201910280650,855,黔东南,红包业务,0.00
201910280655,855,黔东南,红包业务,0.00
201910280700,855,黔东南,红包业务,0.00
201910280705,855,黔东南,红包业务,0.00
201910280710,855,黔东南,红包业务,0.00
201910280715,855,黔东南,红包业务,0.00
201910280720,855,黔东南,红包业务,0.00
201910280725,855,黔东南,红包业务,0.00
201910280730,855,黔东南,红包业务,0.00
201910280735,855,黔东南,红包业务,0.00
201910280740,855,黔东南,红包业务,0.00
201910280745,855,黔东南,红包业务,0.00
201910280750,855,黔东南,红包业务,0.00
201910280755,855,黔东南,红包业务,0.00
201910280800,855,黔东南,红包业务,0.00
201910280805,855,黔东南,红包业务,0.00
201910280810,855,黔东南,红包业务,0.00
201910280815,855,黔东南,红包业务,0.00
201910280820,855,黔东南,红包业务,0.00
201910280825,855,黔东南,红包业务,0.00
201910280830,855,黔东南,红包业务,0.00
201910280835,855,黔东南,红包业务,0.00
201910280840,855,黔东南,红包业务,0.00
201910280845,855,黔东南,红包业务,0.00
201910280850,855,黔东南,红包业务,0.00
201910280855,855,黔东南,红包业务,0.00
201910280900,855,黔东南,红包业务,0.00
201910280905,855,黔东南,红包业务,0.00
201910280910,855,黔东南,红包业务,0.00
201910280915,855,黔东南,红包业务,0.00
201910280920,855,黔东南,红包业务,0.00
201910280925,855,黔东南,红包业务,0.00
201910280930,855,黔东南,红包业务,0.00
201910280935,855,黔东南,红包业务,0.00
201910280940,855,黔东南,红包业务,0.00
201910280945,855,黔东南,红包业务,0.00
201910280950,855,黔东南,红包业务,0.00
201910280955,855,黔东南,红包业务,0.00
201910281000,855,黔东南,红包业务,0.00
201910281005,855,黔东南,红包业务,0.00
201910281010,855,黔东南,红包业务,0.00
201910281015,855,黔东南,红包业务,0.00
201910281020,855,黔东南,红包业务,0.00
201910281025,855,黔东南,红包业务,0.00
201910281030,855,黔东南,红包业务,0.00
201910281035,855,黔东南,红包业务,0.00
201910281040,855,黔东南,红包业务,0.00
201910281045,855,黔东南,红包业务,0.00
201910281050,855,黔东南,红包业务,0.00
201910281055,855,黔东南,红包业务,0.00
201910281100,855,黔东南,红包业务,0.00
201911140000,855,黔东南,红包业务,0.00
201911140005,855,黔东南,红包业务,0.00
201911140010,855,黔东南,红包业务,0.00
201911140015,855,黔东南,红包业务,0.00
201911140020,855,黔东南,红包业务,0.00
201911140025,855,黔东南,红包业务,0.00
201911140030,855,黔东南,红包业务,0.00
201911140035,855,黔东南,红包业务,0.00
201911140040,855,黔东南,红包业务,0.00
201911140045,855,黔东南,红包业务,0.00
201911140050,855,黔东南,红包业务,0.00
201911140055,855,黔东南,红包业务,0.00
201911140100,855,黔东南,红包业务,0.00
201911140105,855,黔东南,红包业务,0.00
201911140110,855,黔东南,红包业务,0.00
201911140115,855,黔东南,红包业务,0.00
201911140120,855,黔东南,红包业务,0.00
201911140125,855,黔东南,红包业务,0.00
201911140130,855,黔东南,红包业务,0.00
201911140135,855,黔东南,红包业务,0.00
201911140140,855,黔东南,红包业务,0.00
201911140145,855,黔东南,红包业务,0.00
201911140150,855,黔东南,红包业务,0.00
201911140155,855,黔东南,红包业务,0.00
201911140200,855,黔东南,红包业务,0.00
201911140205,855,黔东南,红包业务,0.00
201911140210,855,黔东南,红包业务,0.00
201911140215,855,黔东南,红包业务,0.00
201911140220,855,黔东南,红包业务,0.00
201911140225,855,黔东南,红包业务,0.00
201911140230,855,黔东南,红包业务,0.00
201911140235,855,黔东南,红包业务,0.00
201911140240,855,黔东南,红包业务,0.00
201911140245,855,黔东南,红包业务,0.00
201911140250,855,黔东南,红包业务,0.00
201911140255,855,黔东南,红包业务,0.00
201911140300,855,黔东南,红包业务,0.00
201911140305,855,黔东南,红包业务,0.00
201911140310,855,黔东南,红包业务,0.00
201911140315,855,黔东南,红包业务,0.00
201911140320,855,黔东南,红包业务,0.00
201911140325,855,黔东南,红包业务,0.00
201911140330,855,黔东南,红包业务,0.00
201911140335,855,黔东南,红包业务,0.00
201911140340,855,黔东南,红包业务,0.00
201911140345,855,黔东南,红包业务,0.00
201911140350,855,黔东南,红包业务,0.00
201911140355,855,黔东南,红包业务,0.00
201911140400,855,黔东南,红包业务,0.00
201911140405,855,黔东南,红包业务,0.00
201911140410,855,黔东南,红包业务,0.00
201911140415,855,黔东南,红包业务,0.00
201911140420,855,黔东南,红包业务,0.00
201911140425,855,黔东南,红包业务,0.00
201911140430,855,黔东南,红包业务,0.00
201911140435,855,黔东南,红包业务,0.00
201911140440,855,黔东南,红包业务,0.00
201911140445,855,黔东南,红包业务,0.00
201911140450,855,黔东南,红包业务,0.00
201911140455,855,黔东南,红包业务,0.00
201911140500,855,黔东南,红包业务,0.00
201911140505,855,黔东南,红包业务,0.00
201911140510,855,黔东南,红包业务,0.00
201911140515,855,黔东南,红包业务,0.00
201911140520,855,黔东南,红包业务,0.00
201911140525,855,黔东南,红包业务,0.00
201911140530,855,黔东南,红包业务,0.00
201911140535,855,黔东南,红包业务,0.00
201911140540,855,黔东南,红包业务,0.00
201911140545,855,黔东南,红包业务,0.00
201911140550,855,黔东南,红包业务,0.00
201911140555,855,黔东南,红包业务,0.00
201911140600,855,黔东南,红包业务,0.00
201911140605,855,黔东南,红包业务,0.00
201911140610,855,黔东南,红包业务,0.00
201911140615,855,黔东南,红包业务,0.00
201911140620,855,黔东南,红包业务,0.00
201911140625,855,黔东南,红包业务,0.00
201911140630,855,黔东南,红包业务,0.00
201911140635,855,黔东南,红包业务,0.00
201911140640,855,黔东南,红包业务,0.00
201911140645,855,黔东南,红包业务,0.00
201911140650,855,黔东南,红包业务,0.00
201911140655,855,黔东南,红包业务,0.00
201911140700,855,黔东南,红包业务,0.00
201911140705,855,黔东南,红包业务,0.00
201911140710,855,黔东南,红包业务,0.00
201911140715,855,黔东南,红包业务,0.00
201911140720,855,黔东南,红包业务,0.00
201911140725,855,黔东南,红包业务,0.00
201911140730,855,黔东南,红包业务,0.00
201911140735,855,黔东南,红包业务,0.00
201911140740,855,黔东南,红包业务,0.00
201911140745,855,黔东南,红包业务,0.00
201911140750,855,黔东南,红包业务,0.00
201911140755,855,黔东南,红包业务,0.00
201911140800,855,黔东南,红包业务,0.00
201911140805,855,黔东南,红包业务,0.00
201911140810,855,黔东南,红包业务,0.00
201911140815,855,黔东南,红包业务,0.00
201911140820,855,黔东南,红包业务,0.00
201911140825,855,黔东南,红包业务,0.00
201911140830,855,黔东南,红包业务,0.00
201911140835,855,黔东南,红包业务,0.00
201911140840,855,黔东南,红包业务,0.00
201911140845,855,黔东南,红包业务,0.00
201911140850,855,黔东南,红包业务,0.00
201911140855,855,黔东南,红包业务,0.00
201911140900,855,黔东南,红包业务,0.00
201911140905,855,黔东南,红包业务,0.00
201911140910,855,黔东南,红包业务,0.00
201911140915,855,黔东南,红包业务,0.00
201911140920,855,黔东南,红包业务,0.00
201911140925,855,黔东南,红包业务,0.00
201911140930,855,黔东南,红包业务,0.00
201911140935,855,黔东南,红包业务,0.00
201911140940,855,黔东南,红包业务,0.00
201911140945,855,黔东南,红包业务,0.00
201911140950,855,黔东南,红包业务,0.00
201911140955,855,黔东南,红包业务,0.00
201911141000,855,黔东南,红包业务,0.00
201911141005,855,黔东南,红包业务,0.00
201911141010,855,黔东南,红包业务,0.00
201911141015,855,黔东南,红包业务,0.00
201911141020,855,黔东南,红包业务,0.00
201911141025,855,黔东南,红包业务,0.00
201911141030,855,黔东南,红包业务,0.00
201911141035,855,黔东南,红包业务,0.00
201911141040,855,黔东南,红包业务,0.00
201911141045,855,黔东南,红包业务,0.00
201911141050,855,黔东南,红包业务,0.00
201911141055,855,黔东南,红包业务,0.00
201911141100,855,黔东南,红包业务,0.00
201911141105,855,黔东南,红包业务,0.00
201911141110,855,黔东南,红包业务,0.00
201911141115,855,黔东南,红包业务,0.00
201911141120,855,黔东南,红包业务,0.00
201911141125,855,黔东南,红包业务,0.00
201911141130,855,黔东南,红包业务,0.00
201911141135,855,黔东南,红包业务,0.00
201911141140,855,黔东南,红包业务,0.00
201911141145,855,黔东南,红包业务,0.00
201911141150,855,黔东南,红包业务,0.00
201911141155,855,黔东南,红包业务,0.00
201911141200,855,黔东南,红包业务,0.00
201911141205,855,黔东南,红包业务,0.00
201911141210,855,黔东南,红包业务,0.00
201911141215,855,黔东南,红包业务,0.00
201911141220,855,黔东南,红包业务,0.00
201911141225,855,黔东南,红包业务,0.00
201911141230,855,黔东南,红包业务,0.00
201911141235,855,黔东南,红包业务,0.00
201911141240,855,黔东南,红包业务,0.00
201911141245,855,黔东南,红包业务,0.00
201911141250,855,黔东南,红包业务,0.00
201911141255,855,黔东南,红包业务,0.00
201911141300,855,黔东南,红包业务,0.00
201911141305,855,黔东南,红包业务,0.00
201911141310,855,黔东南,红包业务,0.00
201911141315,855,黔东南,红包业务,0.00
201911141320,855,黔东南,红包业务,0.00
201911141325,855,黔东南,红包业务,0.00
201911141330,855,黔东南,红包业务,0.00
201911141335,855,黔东南,红包业务,0.00
201911141340,855,黔东南,红包业务,0.00
201911141345,855,黔东南,红包业务,0.00
201911141350,855,黔东南,红包业务,0.00
201911141355,855,黔东南,红包业务,0.00
201911141400,855,黔东南,红包业务,0.00
201911141405,855,黔东南,红包业务,0.00
201911141410,855,黔东南,红包业务,0.00
201911141415,855,黔东南,红包业务,0.00
201911141420,855,黔东南,红包业务,0.00
201911141425,855,黔东南,红包业务,0.00
201911141430,855,黔东南,红包业务,0.00
201911141435,855,黔东南,红包业务,0.00
201911141440,855,黔东南,红包业务,0.00
201911141445,855,黔东南,红包业务,0.00
201911141450,855,黔东南,红包业务,0.00
201911141455,855,黔东南,红包业务,0.00
201911141500,855,黔东南,红包业务,0.00
201911141505,855,黔东南,红包业务,0.00
201911141510,855,黔东南,红包业务,0.00
201911141515,855,黔东南,红包业务,0.00
201911141520,855,黔东南,红包业务,0.00
201911141525,855,黔东南,红包业务,0.00
201911141530,855,黔东南,红包业务,0.00
201911141535,855,黔东南,红包业务,0.00
201911141540,855,黔东南,红包业务,0.00
201911141545,855,黔东南,红包业务,0.00
201911141550,855,黔东南,红包业务,0.00
201911141555,855,黔东南,红包业务,0.00
201911141600,855,黔东南,红包业务,0.00
201911141605,855,黔东南,红包业务,0.00
201911141610,855,黔东南,红包业务,0.00
201911141615,855,黔东南,红包业务,0.00
201911141620,855,黔东南,红包业务,0.00
201911141625,855,黔东南,红包业务,0.00
201911141630,855,黔东南,红包业务,0.00
201911141635,855,黔东南,红包业务,0.00
201911141640,855,黔东南,红包业务,0.00
201911141645,855,黔东南,红包业务,0.00
201911141650,855,黔东南,红包业务,0.00
201911141655,855,黔东南,红包业务,0.00
201911141700,855,黔东南,红包业务,0.00
201911141705,855,黔东南,红包业务,0.00
201911141710,855,黔东南,红包业务,0.00
201911141715,855,黔东南,红包业务,0.00
201911141720,855,黔东南,红包业务,0.00
201911141725,855,黔东南,红包业务,0.00
201911141730,855,黔东南,红包业务,0.00
201911141735,855,黔东南,红包业务,0.00
201911141740,855,黔东南,红包业务,0.00
201911141745,855,黔东南,红包业务,0.00
201911141750,855,黔东南,红包业务,0.00
201911141755,855,黔东南,红包业务,0.00
201911141800,855,黔东南,红包业务,0.00
201911141805,855,黔东南,红包业务,0.00
201911141810,855,黔东南,红包业务,0.00
201911141815,855,黔东南,红包业务,0.00
201911141820,855,黔东南,红包业务,0.00
201911141825,855,黔东南,红包业务,0.00
201911141830,855,黔东南,红包业务,0.00
201911141835,855,黔东南,红包业务,0.00
201911141840,855,黔东南,红包业务,0.00
201911141845,855,黔东南,红包业务,0.00
201911141850,855,黔东南,红包业务,0.00
201911141855,855,黔东南,红包业务,0.00
201911141900,855,黔东南,红包业务,0.00
201911141905,855,黔东南,红包业务,0.00
201911141910,855,黔东南,红包业务,0.00
201911141915,855,黔东南,红包业务,0.00
201911141920,855,黔东南,红包业务,0.00
201911141925,855,黔东南,红包业务,0.00
201911141930,855,黔东南,红包业务,0.00
201911141935,855,黔东南,红包业务,0.00
201911141940,855,黔东南,红包业务,0.00
201911141945,855,黔东南,红包业务,0.00
201911141950,855,黔东南,红包业务,0.00
201911141955,855,黔东南,红包业务,0.00
201911142000,855,黔东南,红包业务,0.00
201911142005,855,黔东南,红包业务,0.00
201911142010,855,黔东南,红包业务,0.00
201911142015,855,黔东南,红包业务,0.00
201911142020,855,黔东南,红包业务,0.00
201911142025,855,黔东南,红包业务,0.00
201911142030,855,黔东南,红包业务,0.00
201911142035,855,黔东南,红包业务,0.00
201911142040,855,黔东南,红包业务,0.00
201911142045,855,黔东南,红包业务,0.00
201911142050,855,黔东南,红包业务,0.00
201911142055,855,黔东南,红包业务,0.00
201911142100,855,黔东南,红包业务,0.00
201911142105,855,黔东南,红包业务,0.00
201911142110,855,黔东南,红包业务,0.00
201911142115,855,黔东南,红包业务,0.00
201911142120,855,黔东南,红包业务,0.00
201911142125,855,黔东南,红包业务,0.00
201911142130,855,黔东南,红包业务,0.00
201911142135,855,黔东南,红包业务,0.00
201911142140,855,黔东南,红包业务,0.00
201911142145,855,黔东南,红包业务,0.00
201911142150,855,黔东南,红包业务,0.00
201911142155,855,黔东南,红包业务,0.00
201911142200,855,黔东南,红包业务,0.00
201911142205,855,黔东南,红包业务,0.00
201911142210,855,黔东南,红包业务,0.00
201911142215,855,黔东南,红包业务,0.00
201911142220,855,黔东南,红包业务,0.00
201911142225,855,黔东南,红包业务,0.00
201911142230,855,黔东南,红包业务,0.00
201911142235,855,黔东南,红包业务,0.00
201911142240,855,黔东南,红包业务,0.00
201911142245,855,黔东南,红包业务,0.00
201911142250,855,黔东南,红包业务,0.00
201911142255,855,黔东南,红包业务,0.00
201911142300,855,黔东南,红包业务,0.00
201911142305,855,黔东南,红包业务,0.00
201911142310,855,黔东南,红包业务,0.00
201911142315,855,黔东南,红包业务,0.00
201911142320,855,黔东南,红包业务,0.00
201911142325,855,黔东南,红包业务,0.00
201911142330,855,黔东南,红包业务,0.00
201911142335,855,黔东南,红包业务,0.00
201911142340,855,黔东南,红包业务,0.00
201911142345,855,黔东南,红包业务,0.00
201911142350,855,黔东南,红包业务,0.00
201911142355,855,黔东南,红包业务,0.00
201911150000,855,黔东南,红包业务,0.00
201911150005,855,黔东南,红包业务,0.00
201911150010,855,黔东南,红包业务,0.00
201911150015,855,黔东南,红包业务,0.00
201911150020,855,黔东南,红包业务,0.00
201911150025,855,黔东南,红包业务,0.00
201911150030,855,黔东南,红包业务,0.00
201911150035,855,黔东南,红包业务,0.00
201911150040,855,黔东南,红包业务,0.00
201911150045,855,黔东南,红包业务,0.00
201911150050,855,黔东南,红包业务,0.00
201911150055,855,黔东南,红包业务,0.00
201911150100,855,黔东南,红包业务,0.00
201911150105,855,黔东南,红包业务,0.00
201911150110,855,黔东南,红包业务,0.00
201911150115,855,黔东南,红包业务,0.00
201911150120,855,黔东南,红包业务,0.00
201911150125,855,黔东南,红包业务,0.00
201911150130,855,黔东南,红包业务,0.00
201911150135,855,黔东南,红包业务,0.00
201911150140,855,黔东南,红包业务,0.00
201911150145,855,黔东南,红包业务,0.00
201911150150,855,黔东南,红包业务,0.00
201911150155,855,黔东南,红包业务,0.00
201911150200,855,黔东南,红包业务,0.00
201911150205,855,黔东南,红包业务,0.00
201911150210,855,黔东南,红包业务,0.00
201911150215,855,黔东南,红包业务,0.00
201911150220,855,黔东南,红包业务,0.00
201911150225,855,黔东南,红包业务,0.00
201911150230,855,黔东南,红包业务,0.00
201911150235,855,黔东南,红包业务,0.00
201911150240,855,黔东南,红包业务,0.00
201911150245,855,黔东南,红包业务,0.00
201911150250,855,黔东南,红包业务,0.00
201911150255,855,黔东南,红包业务,0.00
201911150300,855,黔东南,红包业务,0.00
201911150305,855,黔东南,红包业务,0.00
201911150310,855,黔东南,红包业务,0.00
201911150315,855,黔东南,红包业务,0.00
201911150320,855,黔东南,红包业务,0.00
201911150325,855,黔东南,红包业务,0.00
201911150330,855,黔东南,红包业务,0.00
201911150335,855,黔东南,红包业务,0.00
201911150340,855,黔东南,红包业务,0.00
201911150345,855,黔东南,红包业务,0.00
201911150350,855,黔东南,红包业务,0.00
201911150355,855,黔东南,红包业务,0.00
201911150400,855,黔东南,红包业务,0.00
201911150405,855,黔东南,红包业务,0.00
201911150410,855,黔东南,红包业务,0.00
201911150415,855,黔东南,红包业务,0.00
201911150420,855,黔东南,红包业务,0.00
201911150425,855,黔东南,红包业务,0.00
201911150430,855,黔东南,红包业务,0.00
201911150435,855,黔东南,红包业务,0.00
201911150440,855,黔东南,红包业务,0.00
201911150445,855,黔东南,红包业务,0.00
201911150450,855,黔东南,红包业务,0.00
201911150455,855,黔东南,红包业务,0.00
201911150500,855,黔东南,红包业务,0.00
201911150505,855,黔东南,红包业务,0.00
201911150510,855,黔东南,红包业务,0.00
201911150515,855,黔东南,红包业务,0.00
201911150520,855,黔东南,红包业务,0.00
201911150525,855,黔东南,红包业务,0.00
201911150530,855,黔东南,红包业务,0.00
201911150535,855,黔东南,红包业务,0.00
201911150540,855,黔东南,红包业务,0.00
201911150545,855,黔东南,红包业务,0.00
201911150550,855,黔东南,红包业务,0.00
201911150555,855,黔东南,红包业务,0.00
201911150600,855,黔东南,红包业务,0.00
201911150605,855,黔东南,红包业务,0.00
201911150610,855,黔东南,红包业务,0.00
201911150615,855,黔东南,红包业务,0.00
201911150620,855,黔东南,红包业务,0.00
201911150625,855,黔东南,红包业务,0.00
201911150630,855,黔东南,红包业务,0.00
201911150635,855,黔东南,红包业务,0.00
201911150640,855,黔东南,红包业务,0.00
201911150645,855,黔东南,红包业务,0.00
201911150650,855,黔东南,红包业务,0.00
201911150655,855,黔东南,红包业务,0.00
201911150700,855,黔东南,红包业务,0.00
201911150705,855,黔东南,红包业务,0.00
201911150710,855,黔东南,红包业务,0.00
201911150715,855,黔东南,红包业务,0.00
201911150720,855,黔东南,红包业务,0.00
201911150725,855,黔东南,红包业务,0.00
201911150730,855,黔东南,红包业务,0.00
201911150735,855,黔东南,红包业务,0.00
201911150740,855,黔东南,红包业务,0.00
201911150745,855,黔东南,红包业务,0.00
201911150750,855,黔东南,红包业务,0.00
201911150755,855,黔东南,红包业务,0.00
201911150800,855,黔东南,红包业务,0.00
201911150805,855,黔东南,红包业务,0.00
201911150810,855,黔东南,红包业务,0.00
201911150815,855,黔东南,红包业务,0.00
201911150820,855,黔东南,红包业务,0.00
201911150825,855,黔东南,红包业务,0.00
201911150830,855,黔东南,红包业务,0.00
201911150835,855,黔东南,红包业务,0.00
201911150840,855,黔东南,红包业务,0.00
201911150845,855,黔东南,红包业务,0.00
201911150850,855,黔东南,红包业务,0.00
201911150855,855,黔东南,红包业务,0.00
201911150900,855,黔东南,红包业务,0.00
201911150905,855,黔东南,红包业务,0.00
201911150910,855,黔东南,红包业务,0.00
201911150915,855,黔东南,红包业务,0.00
201911150920,855,黔东南,红包业务,0.00
201911150925,855,黔东南,红包业务,0.00
201911150930,855,黔东南,红包业务,0.00
201911150935,855,黔东南,红包业务,0.00
201911150940,855,黔东南,红包业务,0.00
201911150945,855,黔东南,红包业务,0.00
201911150950,855,黔东南,红包业务,0.00
201911150955,855,黔东南,红包业务,0.00
201911151000,855,黔东南,红包业务,0.00
201911151005,855,黔东南,红包业务,0.00
201911151010,855,黔东南,红包业务,0.00
201911151015,855,黔东南,红包业务,0.00
201911151020,855,黔东南,红包业务,0.00
201911151025,855,黔东南,红包业务,0.00
201911151030,855,黔东南,红包业务,0.00
201911151035,855,黔东南,红包业务,0.00
201911151040,855,黔东南,红包业务,0.00
201911151045,855,黔东南,红包业务,0.00
201911151050,855,黔东南,红包业务,0.00
201911151055,855,黔东南,红包业务,0.00
201911151100,855,黔东南,红包业务,0.00
201911151105,855,黔东南,红包业务,0.00
201911151110,855,黔东南,红包业务,0.00
201911151115,855,黔东南,红包业务,0.00
201911151120,855,黔东南,红包业务,0.00
201911151125,855,黔东南,红包业务,0.00
201911151130,855,黔东南,红包业务,0.00
