201910270000,855,黔东南,视频直播,94341.83
201910270005,855,黔东南,视频直播,95026.84
201910270010,855,黔东南,视频直播,96288.65
201910270015,855,黔东南,视频直播,87179.66
201910270020,855,黔东南,视频直播,87216.33
201910270025,855,黔东南,视频直播,84201.65
201910270030,855,黔东南,视频直播,83013.87
201910270035,855,黔东南,视频直播,80263.51
201910270040,855,黔东南,视频直播,73055.87
201910270045,855,黔东南,视频直播,70578.18
201910270050,855,黔东南,视频直播,69809.90
201910270055,855,黔东南,视频直播,67147.95
201910270100,855,黔东南,视频直播,67635.62
201910270105,855,黔东南,视频直播,63719.82
201910270110,855,黔东南,视频直播,60742.85
201910270115,855,黔东南,视频直播,58183.63
201910270120,855,黔东南,视频直播,55668.13
201910270125,855,黔东南,视频直播,57069.03
201910270130,855,黔东南,视频直播,50466.56
201910270135,855,黔东南,视频直播,51266.71
201910270140,855,黔东南,视频直播,49604.61
201910270145,855,黔东南,视频直播,45301.47
201910270150,855,黔东南,视频直播,43763.28
201910270155,855,黔东南,视频直播,42804.92
201910270200,855,黔东南,视频直播,40193.44
201910270205,855,黔东南,视频直播,38795.91
201910270210,855,黔东南,视频直播,38627.06
201910270215,855,黔东南,视频直播,35982.05
201910270220,855,黔东南,视频直播,35533.19
201910270225,855,黔东南,视频直播,35494.41
201910270230,855,黔东南,视频直播,32520.03
201910270235,855,黔东南,视频直播,33842.55
201910270240,855,黔东南,视频直播,31487.47
201910270245,855,黔东南,视频直播,29796.31
201910270250,855,黔东南,视频直播,29207.45
201910270255,855,黔东南,视频直播,27983.66
201910270300,855,黔东南,视频直播,28621.68
201910270305,855,黔东南,视频直播,27355.59
201910270310,855,黔东南,视频直播,26731.71
201910270315,855,黔东南,视频直播,25119.89
201910270320,855,黔东南,视频直播,24994.55
201910270325,855,黔东南,视频直播,25238.30
201910270330,855,黔东南,视频直播,25501.04
201910270335,855,黔东南,视频直播,24817.03
201910270340,855,黔东南,视频直播,23781.95
201910270345,855,黔东南,视频直播,23245.36
201910270350,855,黔东南,视频直播,23721.07
201910270355,855,黔东南,视频直播,24597.88
201910270400,855,黔东南,视频直播,22874.54
201910270405,855,黔东南,视频直播,22595.18
201910270410,855,黔东南,视频直播,21931.98
201910270415,855,黔东南,视频直播,22070.80
201910270420,855,黔东南,视频直播,21244.44
201910270425,855,黔东南,视频直播,21519.85
201910270430,855,黔东南,视频直播,21815.45
201910270435,855,黔东南,视频直播,21701.38
201910270440,855,黔东南,视频直播,20444.77
201910270445,855,黔东南,视频直播,20067.07
201910270450,855,黔东南,视频直播,19663.54
201910270455,855,黔东南,视频直播,20283.61
201910270500,855,黔东南,视频直播,20479.95
201910270505,855,黔东南,视频直播,20626.72
201910270510,855,黔东南,视频直播,21418.69
201910270515,855,黔东南,视频直播,21118.75
201910270520,855,黔东南,视频直播,21153.86
201910270525,855,黔东南,视频直播,21978.34
201910270530,855,黔东南,视频直播,21672.69
201910270535,855,黔东南,视频直播,20901.14
201910270540,855,黔东南,视频直播,22126.03
201910270545,855,黔东南,视频直播,22349.70
201910270550,855,黔东南,视频直播,23414.00
201910270555,855,黔东南,视频直播,26511.56
201910270600,855,黔东南,视频直播,27515.26
201910270605,855,黔东南,视频直播,28442.35
201910270610,855,黔东南,视频直播,29056.32
201910270615,855,黔东南,视频直播,30840.32
201910270620,855,黔东南,视频直播,32647.13
201910270625,855,黔东南,视频直播,34245.37
201910270630,855,黔东南,视频直播,35872.53
201910270635,855,黔东南,视频直播,36131.96
201910270640,855,黔东南,视频直播,38965.71
201910270645,855,黔东南,视频直播,42303.64
201910270650,855,黔东南,视频直播,44442.66
201910270655,855,黔东南,视频直播,47935.53
201910270700,855,黔东南,视频直播,48197.36
201910270705,855,黔东南,视频直播,53580.73
201910270710,855,黔东南,视频直播,56591.41
201910270715,855,黔东南,视频直播,58930.63
201910270720,855,黔东南,视频直播,63545.79
201910270725,855,黔东南,视频直播,66636.41
201910270730,855,黔东南,视频直播,70620.06
201910270735,855,黔东南,视频直播,71989.43
201910270740,855,黔东南,视频直播,77265.06
201910270745,855,黔东南,视频直播,79632.64
201910270750,855,黔东南,视频直播,82616.54
201910270755,855,黔东南,视频直播,83919.14
201910270800,855,黔东南,视频直播,83630.76
201910270805,855,黔东南,视频直播,85410.51
201910270810,855,黔东南,视频直播,88079.10
201910270815,855,黔东南,视频直播,88706.66
201910270820,855,黔东南,视频直播,93170.88
201910270825,855,黔东南,视频直播,95839.20
201910270830,855,黔东南,视频直播,95180.25
201910270835,855,黔东南,视频直播,96447.63
201910270840,855,黔东南,视频直播,98219.91
201910270845,855,黔东南,视频直播,99482.36
201910270850,855,黔东南,视频直播,101412.79
201910270855,855,黔东南,视频直播,103594.11
201910270900,855,黔东南,视频直播,105232.32
201910270905,855,黔东南,视频直播,104092.76
201910270910,855,黔东南,视频直播,107268.58
201910270915,855,黔东南,视频直播,108999.04
201910270920,855,黔东南,视频直播,109649.85
201910270925,855,黔东南,视频直播,109350.18
201910270930,855,黔东南,视频直播,108065.27
201910270935,855,黔东南,视频直播,109934.50
201910270940,855,黔东南,视频直播,112825.94
201910270945,855,黔东南,视频直播,115085.23
201910270950,855,黔东南,视频直播,111330.07
201910270955,855,黔东南,视频直播,110524.54
201910271000,855,黔东南,视频直播,111235.19
201910271005,855,黔东南,视频直播,110417.66
201910271010,855,黔东南,视频直播,114788.21
201910271015,855,黔东南,视频直播,113163.99
201910271020,855,黔东南,视频直播,115340.10
201910271025,855,黔东南,视频直播,116591.45
201910271030,855,黔东南,视频直播,115933.23
201910271035,855,黔东南,视频直播,117276.52
201910271040,855,黔东南,视频直播,115022.50
201910271045,855,黔东南,视频直播,113008.80
201910271050,855,黔东南,视频直播,114877.59
201910271055,855,黔东南,视频直播,115065.55
201910271105,855,黔东南,视频直播,117037.82
201910271110,855,黔东南,视频直播,113726.21
201910271115,855,黔东南,视频直播,113099.10
201910271120,855,黔东南,视频直播,109115.73
201910271125,855,黔东南,视频直播,111928.70
201910271130,855,黔东南,视频直播,110002.67
201910271135,855,黔东南,视频直播,111333.06
201910271140,855,黔东南,视频直播,110701.54
201910271145,855,黔东南,视频直播,112205.23
201910271150,855,黔东南,视频直播,112661.64
201910271155,855,黔东南,视频直播,121363.32
201910271200,855,黔东南,视频直播,101628.30
201910271205,855,黔东南,视频直播,111499.47
201910271210,855,黔东南,视频直播,112422.91
201910271215,855,黔东南,视频直播,114749.08
201910271220,855,黔东南,视频直播,118312.26
201910271225,855,黔东南,视频直播,122992.18
201910271230,855,黔东南,视频直播,124714.34
201910271235,855,黔东南,视频直播,123531.91
201910271240,855,黔东南,视频直播,121473.57
201910271245,855,黔东南,视频直播,125328.80
201910271250,855,黔东南,视频直播,122059.77
201910271255,855,黔东南,视频直播,121751.53
201910271300,855,黔东南,视频直播,121175.59
201910271305,855,黔东南,视频直播,122269.66
201910271310,855,黔东南,视频直播,121707.49
201910271315,855,黔东南,视频直播,124376.53
201910271320,855,黔东南,视频直播,123764.30
201910271325,855,黔东南,视频直播,120035.21
201910271330,855,黔东南,视频直播,119769.16
201910271335,855,黔东南,视频直播,121405.58
201910271340,855,黔东南,视频直播,120114.36
201910271345,855,黔东南,视频直播,121122.30
201910271350,855,黔东南,视频直播,121298.88
201910271355,855,黔东南,视频直播,117577.55
201910271400,855,黔东南,视频直播,114429.50
201910271405,855,黔东南,视频直播,116270.05
201910271410,855,黔东南,视频直播,113270.97
201910271415,855,黔东南,视频直播,113501.82
201910271420,855,黔东南,视频直播,112995.20
201910271425,855,黔东南,视频直播,113071.34
201910271430,855,黔东南,视频直播,114055.59
201910271435,855,黔东南,视频直播,116776.74
201910271440,855,黔东南,视频直播,115934.50
201910271445,855,黔东南,视频直播,118266.62
201910271450,855,黔东南,视频直播,111985.85
201910271455,855,黔东南,视频直播,115661.76
201910271500,855,黔东南,视频直播,117832.48
201910271505,855,黔东南,视频直播,115369.20
201910271510,855,黔东南,视频直播,116822.83
201910271515,855,黔东南,视频直播,114977.94
201910271520,855,黔东南,视频直播,116141.38
201910271525,855,黔东南,视频直播,114715.92
201910271530,855,黔东南,视频直播,115369.52
201910271535,855,黔东南,视频直播,114919.17
201910271540,855,黔东南,视频直播,120021.40
201910271545,855,黔东南,视频直播,116951.73
201910271550,855,黔东南,视频直播,117604.91
201910271555,855,黔东南,视频直播,117818.79
201910271600,855,黔东南,视频直播,115850.12
201910271605,855,黔东南,视频直播,115937.00
201910271610,855,黔东南,视频直播,114764.37
201910271615,855,黔东南,视频直播,114790.41
201910271620,855,黔东南,视频直播,113204.11
201910271625,855,黔东南,视频直播,112959.86
201910271630,855,黔东南,视频直播,115479.18
201910271635,855,黔东南,视频直播,115021.42
201910271640,855,黔东南,视频直播,116168.47
201910271645,855,黔东南,视频直播,115508.96
201910271650,855,黔东南,视频直播,117376.80
201910271655,855,黔东南,视频直播,119131.97
201910271700,855,黔东南,视频直播,117407.82
201910271705,855,黔东南,视频直播,116589.18
201910271710,855,黔东南,视频直播,116905.47
201910271715,855,黔东南,视频直播,115819.79
201910271720,855,黔东南,视频直播,113771.23
201910271725,855,黔东南,视频直播,114366.83
201910271730,855,黔东南,视频直播,112401.53
201910271735,855,黔东南,视频直播,103431.35
201910271740,855,黔东南,视频直播,110299.94
201910271745,855,黔东南,视频直播,105428.24
201910271750,855,黔东南,视频直播,106275.49
201910271755,855,黔东南,视频直播,108424.27
201910271800,855,黔东南,视频直播,107283.47
201910271805,855,黔东南,视频直播,109759.23
201910271810,855,黔东南,视频直播,104324.82
201910271815,855,黔东南,视频直播,113655.98
201910271820,855,黔东南,视频直播,113403.49
201910271825,855,黔东南,视频直播,112856.84
201910271830,855,黔东南,视频直播,119238.54
201910271835,855,黔东南,视频直播,117780.80
201910271840,855,黔东南,视频直播,122339.53
201910271845,855,黔东南,视频直播,126034.99
201910271850,855,黔东南,视频直播,133552.60
201910271855,855,黔东南,视频直播,136585.47
201910271900,855,黔东南,视频直播,139747.34
201910271905,855,黔东南,视频直播,141756.96
201910271910,855,黔东南,视频直播,145272.39
201910271915,855,黔东南,视频直播,156092.69
201910271920,855,黔东南,视频直播,152347.63
201910271925,855,黔东南,视频直播,160698.44
201910271930,855,黔东南,视频直播,159840.60
201910271935,855,黔东南,视频直播,164114.52
201910271940,855,黔东南,视频直播,166732.66
201910271945,855,黔东南,视频直播,168331.47
201910271950,855,黔东南,视频直播,169197.70
201910272000,855,黔东南,视频直播,177925.56
201910272005,855,黔东南,视频直播,188694.28
201910272010,855,黔东南,视频直播,186578.00
201910272015,855,黔东南,视频直播,185437.33
201910272020,855,黔东南,视频直播,187538.79
201910272025,855,黔东南,视频直播,184279.34
201910272030,855,黔东南,视频直播,189154.55
201910272035,855,黔东南,视频直播,189930.44
201910272040,855,黔东南,视频直播,191395.47
201910272045,855,黔东南,视频直播,191224.42
201910272050,855,黔东南,视频直播,194713.91
201910272055,855,黔东南,视频直播,194791.07
201910272100,855,黔东南,视频直播,196738.25
201910272105,855,黔东南,视频直播,194141.14
201910272110,855,黔东南,视频直播,190703.25
201910272115,855,黔东南,视频直播,191383.11
201910272120,855,黔东南,视频直播,195829.78
201910272125,855,黔东南,视频直播,197378.40
201910272130,855,黔东南,视频直播,187996.02
201910272135,855,黔东南,视频直播,183680.75
201910272140,855,黔东南,视频直播,179081.77
201910272145,855,黔东南,视频直播,190338.29
201910272150,855,黔东南,视频直播,185402.68
201910272155,855,黔东南,视频直播,184196.71
201910272200,855,黔东南,视频直播,181879.63
201910272205,855,黔东南,视频直播,181459.15
201910272210,855,黔东南,视频直播,174042.56
201910272215,855,黔东南,视频直播,171879.92
201910272220,855,黔东南,视频直播,170335.42
201910272225,855,黔东南,视频直播,168954.10
201910272230,855,黔东南,视频直播,164470.99
201910272235,855,黔东南,视频直播,157348.72
201910272240,855,黔东南,视频直播,151417.99
201910272245,855,黔东南,视频直播,150642.99
201910272250,855,黔东南,视频直播,148966.34
201910272255,855,黔东南,视频直播,144168.22
201910272300,855,黔东南,视频直播,141645.78
201910272305,855,黔东南,视频直播,137398.59
201910272310,855,黔东南,视频直播,130290.31
201910272315,855,黔东南,视频直播,130149.34
201910272320,855,黔东南,视频直播,124196.32
201910272325,855,黔东南,视频直播,121487.34
201910272330,855,黔东南,视频直播,122826.93
201910272335,855,黔东南,视频直播,116209.64
201910272340,855,黔东南,视频直播,111400.41
201910272345,855,黔东南,视频直播,109635.18
201910272350,855,黔东南,视频直播,107519.75
201910272355,855,黔东南,视频直播,109498.80
201910280000,855,黔东南,视频直播,89897.90
201910280005,855,黔东南,视频直播,94178.43
201910280010,855,黔东南,视频直播,93780.14
201910280015,855,黔东南,视频直播,83247.04
201910280020,855,黔东南,视频直播,83463.45
201910280025,855,黔东南,视频直播,77890.13
201910280030,855,黔东南,视频直播,73976.23
201910280035,855,黔东南,视频直播,72319.25
201910280040,855,黔东南,视频直播,71790.17
201910280045,855,黔东南,视频直播,65670.52
201910280050,855,黔东南,视频直播,61954.57
201910280055,855,黔东南,视频直播,59507.77
201910280100,855,黔东南,视频直播,57640.67
201910280105,855,黔东南,视频直播,57742.21
201910280110,855,黔东南,视频直播,54387.19
201910280115,855,黔东南,视频直播,51206.48
201910280120,855,黔东南,视频直播,51505.01
201910280125,855,黔东南,视频直播,49170.70
201910280130,855,黔东南,视频直播,46698.68
201910280135,855,黔东南,视频直播,45366.75
201910280140,855,黔东南,视频直播,43369.06
201910280145,855,黔东南,视频直播,42004.35
201910280150,855,黔东南,视频直播,39707.61
201910280155,855,黔东南,视频直播,38265.77
201910280200,855,黔东南,视频直播,37367.08
201910280205,855,黔东南,视频直播,36582.36
201910280210,855,黔东南,视频直播,35448.09
201910280215,855,黔东南,视频直播,34430.02
201910280220,855,黔东南,视频直播,33224.02
201910280225,855,黔东南,视频直播,31942.18
201910280230,855,黔东南,视频直播,31405.64
201910280235,855,黔东南,视频直播,39347.79
201910280240,855,黔东南,视频直播,28502.56
201910280245,855,黔东南,视频直播,28461.39
201910280250,855,黔东南,视频直播,29413.47
201910280255,855,黔东南,视频直播,27312.35
201910280300,855,黔东南,视频直播,27048.27
201910280305,855,黔东南,视频直播,25711.47
201910280310,855,黔东南,视频直播,25162.41
201910280315,855,黔东南,视频直播,26408.99
201910280320,855,黔东南,视频直播,25331.60
201910280325,855,黔东南,视频直播,23865.56
201910280330,855,黔东南,视频直播,24839.65
201910280335,855,黔东南,视频直播,23361.15
201910280340,855,黔东南,视频直播,24163.83
201910280345,855,黔东南,视频直播,22676.33
201910280350,855,黔东南,视频直播,22129.70
201910280355,855,黔东南,视频直播,21830.59
201910280400,855,黔东南,视频直播,20615.65
201910280405,855,黔东南,视频直播,21350.08
201910280410,855,黔东南,视频直播,20896.03
201910280415,855,黔东南,视频直播,20985.15
201910280420,855,黔东南,视频直播,21449.85
201910280425,855,黔东南,视频直播,21430.05
201910280430,855,黔东南,视频直播,21821.90
201910280435,855,黔东南,视频直播,20505.35
201910280440,855,黔东南,视频直播,20634.04
201910280445,855,黔东南,视频直播,22157.76
201910280450,855,黔东南,视频直播,23252.48
201910280455,855,黔东南,视频直播,21655.66
201910280500,855,黔东南,视频直播,20341.31
201910280505,855,黔东南,视频直播,20122.40
201910280510,855,黔东南,视频直播,20455.24
201910280515,855,黔东南,视频直播,19768.15
201910280520,855,黔东南,视频直播,21242.62
201910280525,855,黔东南,视频直播,20573.69
201910280530,855,黔东南,视频直播,21506.61
201910280535,855,黔东南,视频直播,21282.35
201910280540,855,黔东南,视频直播,21498.47
201910280545,855,黔东南,视频直播,22400.05
201910280550,855,黔东南,视频直播,24305.02
201910280555,855,黔东南,视频直播,26436.55
201910280600,855,黔东南,视频直播,26277.00
201910280605,855,黔东南,视频直播,29575.06
201910280610,855,黔东南,视频直播,29562.57
201910280615,855,黔东南,视频直播,32144.07
201910280620,855,黔东南,视频直播,33224.08
201910280625,855,黔东南,视频直播,35804.75
201910280630,855,黔东南,视频直播,38122.28
201910280635,855,黔东南,视频直播,38610.72
201910280640,855,黔东南,视频直播,41667.03
201910280645,855,黔东南,视频直播,42576.13
201910280650,855,黔东南,视频直播,43713.03
201910280655,855,黔东南,视频直播,44870.73
201910280700,855,黔东南,视频直播,47272.35
201910280705,855,黔东南,视频直播,48295.63
201910280710,855,黔东南,视频直播,50220.07
201910280715,855,黔东南,视频直播,52809.51
201910280720,855,黔东南,视频直播,55275.13
201910280725,855,黔东南,视频直播,55790.08
201910280730,855,黔东南,视频直播,57791.03
201910280735,855,黔东南,视频直播,57785.41
201910280740,855,黔东南,视频直播,58645.62
201910280745,855,黔东南,视频直播,59966.43
201910280750,855,黔东南,视频直播,62169.27
201910280755,855,黔东南,视频直播,60021.08
201910280800,855,黔东南,视频直播,60132.71
201910280805,855,黔东南,视频直播,60525.65
201910280810,855,黔东南,视频直播,59611.80
201910280815,855,黔东南,视频直播,59712.70
201910280820,855,黔东南,视频直播,60482.92
201910280825,855,黔东南,视频直播,61693.63
201910280830,855,黔东南,视频直播,59867.37
201910280835,855,黔东南,视频直播,58462.35
201910280840,855,黔东南,视频直播,61869.07
201910280845,855,黔东南,视频直播,61576.10
201910280850,855,黔东南,视频直播,60851.34
201910280855,855,黔东南,视频直播,63963.44
201910280900,855,黔东南,视频直播,61390.47
201910280905,855,黔东南,视频直播,62992.39
201910280910,855,黔东南,视频直播,60708.99
201910280915,855,黔东南,视频直播,64299.30
201910280920,855,黔东南,视频直播,61234.16
201910280925,855,黔东南,视频直播,64433.36
201910280930,855,黔东南,视频直播,66186.29
201910280935,855,黔东南,视频直播,65501.11
201910280940,855,黔东南,视频直播,65415.24
201910280945,855,黔东南,视频直播,64016.43
201910280950,855,黔东南,视频直播,65465.85
201910280955,855,黔东南,视频直播,68140.70
201910281000,855,黔东南,视频直播,67673.15
201910281005,855,黔东南,视频直播,66432.82
201910281010,855,黔东南,视频直播,67978.48
201910281015,855,黔东南,视频直播,67588.48
201910281020,855,黔东南,视频直播,68599.16
201910281025,855,黔东南,视频直播,70155.31
201910281030,855,黔东南,视频直播,70260.19
201910281035,855,黔东南,视频直播,70481.71
201910281040,855,黔东南,视频直播,69751.35
201910281045,855,黔东南,视频直播,70263.69
201910281050,855,黔东南,视频直播,71137.72
201910281055,855,黔东南,视频直播,71883.35
201910281100,855,黔东南,视频直播,73156.05
201911140000,855,黔东南,视频直播,100692.92
201911140005,855,黔东南,视频直播,94304.85
201911140010,855,黔东南,视频直播,88441.97
201911140015,855,黔东南,视频直播,84572.60
201911140020,855,黔东南,视频直播,80692.04
201911140025,855,黔东南,视频直播,77272.51
201911140030,855,黔东南,视频直播,75854.78
201911140035,855,黔东南,视频直播,71825.42
201911140040,855,黔东南,视频直播,67427.25
201911140045,855,黔东南,视频直播,69739.09
201911140050,855,黔东南,视频直播,65668.72
201911140055,855,黔东南,视频直播,59843.19
201911140100,855,黔东南,视频直播,60300.79
201911140105,855,黔东南,视频直播,55606.37
201911140110,855,黔东南,视频直播,55474.10
201911140115,855,黔东南,视频直播,48089.01
201911140120,855,黔东南,视频直播,50502.78
201911140125,855,黔东南,视频直播,46172.03
201911140130,855,黔东南,视频直播,43335.28
201911140135,855,黔东南,视频直播,41020.89
201911140140,855,黔东南,视频直播,40669.99
201911140145,855,黔东南,视频直播,40353.51
201911140150,855,黔东南,视频直播,36601.92
201911140155,855,黔东南,视频直播,37081.77
201911140200,855,黔东南,视频直播,36350.12
201911140205,855,黔东南,视频直播,33703.58
201911140210,855,黔东南,视频直播,33226.04
201911140215,855,黔东南,视频直播,32035.10
201911140220,855,黔东南,视频直播,32430.93
201911140225,855,黔东南,视频直播,30646.00
201911140230,855,黔东南,视频直播,29467.77
201911140235,855,黔东南,视频直播,27907.62
201911140240,855,黔东南,视频直播,29025.93
201911140245,855,黔东南,视频直播,28747.95
201911140250,855,黔东南,视频直播,30054.57
201911140255,855,黔东南,视频直播,27971.21
201911140300,855,黔东南,视频直播,26624.24
201911140305,855,黔东南,视频直播,27558.79
201911140310,855,黔东南,视频直播,25523.25
201911140315,855,黔东南,视频直播,25240.47
201911140320,855,黔东南,视频直播,24132.64
201911140325,855,黔东南,视频直播,24615.81
201911140330,855,黔东南,视频直播,25683.15
201911140335,855,黔东南,视频直播,24643.71
201911140340,855,黔东南,视频直播,23825.23
201911140345,855,黔东南,视频直播,22935.40
201911140350,855,黔东南,视频直播,21796.35
201911140355,855,黔东南,视频直播,22648.70
201911140400,855,黔东南,视频直播,21380.28
201911140405,855,黔东南,视频直播,20941.16
201911140410,855,黔东南,视频直播,19970.44
201911140415,855,黔东南,视频直播,20446.27
201911140420,855,黔东南,视频直播,19360.40
201911140425,855,黔东南,视频直播,20358.53
201911140430,855,黔东南,视频直播,19233.60
201911140435,855,黔东南,视频直播,19027.51
201911140440,855,黔东南,视频直播,19762.36
201911140445,855,黔东南,视频直播,19488.12
201911140450,855,黔东南,视频直播,21078.59
201911140455,855,黔东南,视频直播,20553.35
201911140500,855,黔东南,视频直播,21040.83
201911140505,855,黔东南,视频直播,21259.11
201911140510,855,黔东南,视频直播,22670.75
201911140515,855,黔东南,视频直播,22217.85
201911140520,855,黔东南,视频直播,22854.34
201911140525,855,黔东南,视频直播,24051.88
201911140530,855,黔东南,视频直播,22849.95
201911140535,855,黔东南,视频直播,24920.49
201911140540,855,黔东南,视频直播,24256.17
201911140545,855,黔东南,视频直播,27235.89
201911140550,855,黔东南,视频直播,25531.68
201911140555,855,黔东南,视频直播,28534.42
201911140600,855,黔东南,视频直播,30122.04
201911140605,855,黔东南,视频直播,33984.07
201911140610,855,黔东南,视频直播,36637.58
201911140615,855,黔东南,视频直播,37891.94
201911140620,855,黔东南,视频直播,38919.74
201911140625,855,黔东南,视频直播,40194.99
201911140630,855,黔东南,视频直播,45321.94
201911140635,855,黔东南,视频直播,45880.44
201911140640,855,黔东南,视频直播,48292.49
201911140645,855,黔东南,视频直播,49917.53
201911140650,855,黔东南,视频直播,49753.86
201911140655,855,黔东南,视频直播,50419.36
201911140700,855,黔东南,视频直播,51513.26
201911140705,855,黔东南,视频直播,54379.16
201911140710,855,黔东南,视频直播,59785.54
201911140715,855,黔东南,视频直播,57131.89
201911140720,855,黔东南,视频直播,60305.53
201911140725,855,黔东南,视频直播,58458.17
201911140730,855,黔东南,视频直播,56622.88
201911140735,855,黔东南,视频直播,58292.46
201911140740,855,黔东南,视频直播,58505.26
201911140745,855,黔东南,视频直播,58408.02
201911140750,855,黔东南,视频直播,61182.53
201911140755,855,黔东南,视频直播,58958.87
201911140800,855,黔东南,视频直播,59728.07
201911140805,855,黔东南,视频直播,56958.48
201911140810,855,黔东南,视频直播,56386.53
201911140815,855,黔东南,视频直播,60232.73
201911140820,855,黔东南,视频直播,60646.33
201911140825,855,黔东南,视频直播,59099.00
201911140830,855,黔东南,视频直播,60491.41
201911140835,855,黔东南,视频直播,60940.81
201911140840,855,黔东南,视频直播,63847.97
201911140845,855,黔东南,视频直播,62957.14
201911140850,855,黔东南,视频直播,60636.59
201911140855,855,黔东南,视频直播,60692.26
201911140900,855,黔东南,视频直播,62500.71
201911140905,855,黔东南,视频直播,60560.97
201911140910,855,黔东南,视频直播,60237.73
201911140915,855,黔东南,视频直播,61537.80
201911140920,855,黔东南,视频直播,62278.13
201911140925,855,黔东南,视频直播,63332.97
201911140930,855,黔东南,视频直播,65825.59
201911140935,855,黔东南,视频直播,65283.99
201911140940,855,黔东南,视频直播,63405.61
201911140945,855,黔东南,视频直播,64696.48
201911140950,855,黔东南,视频直播,63535.59
201911140955,855,黔东南,视频直播,66744.62
201911141000,855,黔东南,视频直播,65769.58
201911141005,855,黔东南,视频直播,70594.21
201911141010,855,黔东南,视频直播,68752.57
201911141015,855,黔东南,视频直播,71126.96
201911141020,855,黔东南,视频直播,72241.62
201911141025,855,黔东南,视频直播,70830.87
201911141030,855,黔东南,视频直播,73533.97
201911141035,855,黔东南,视频直播,69854.60
201911141040,855,黔东南,视频直播,71356.24
201911141045,855,黔东南,视频直播,69367.02
201911141050,855,黔东南,视频直播,72359.92
201911141055,855,黔东南,视频直播,74403.49
201911141100,855,黔东南,视频直播,76752.82
201911141105,855,黔东南,视频直播,72889.81
201911141110,855,黔东南,视频直播,75279.57
201911141115,855,黔东南,视频直播,74639.90
201911141120,855,黔东南,视频直播,76614.16
201911141125,855,黔东南,视频直播,78367.44
201911141130,855,黔东南,视频直播,74379.21
201911141135,855,黔东南,视频直播,75500.63
201911141140,855,黔东南,视频直播,75341.54
201911141145,855,黔东南,视频直播,77843.33
201911141150,855,黔东南,视频直播,76701.22
201911141155,855,黔东南,视频直播,76784.59
201911141200,855,黔东南,视频直播,75327.81
201911141205,855,黔东南,视频直播,76850.05
201911141210,855,黔东南,视频直播,80436.90
201911141215,855,黔东南,视频直播,86372.87
201911141220,855,黔东南,视频直播,87870.29
201911141225,855,黔东南,视频直播,91141.63
201911141230,855,黔东南,视频直播,96409.16
201911141235,855,黔东南,视频直播,94065.61
201911141240,855,黔东南,视频直播,94510.30
201911141245,855,黔东南,视频直播,96365.41
201911141250,855,黔东南,视频直播,96223.22
201911141255,855,黔东南,视频直播,97344.57
201911141300,855,黔东南,视频直播,94967.16
201911141305,855,黔东南,视频直播,90667.97
201911141310,855,黔东南,视频直播,89486.37
201911141315,855,黔东南,视频直播,89854.36
201911141320,855,黔东南,视频直播,86623.91
201911141325,855,黔东南,视频直播,84429.89
201911141330,855,黔东南,视频直播,83468.71
201911141335,855,黔东南,视频直播,77876.81
201911141340,855,黔东南,视频直播,79013.44
201911141345,855,黔东南,视频直播,80352.09
201911141350,855,黔东南,视频直播,77320.95
201911141355,855,黔东南,视频直播,80176.66
201911141400,855,黔东南,视频直播,77681.21
201911141405,855,黔东南,视频直播,79037.07
201911141410,855,黔东南,视频直播,77255.19
201911141415,855,黔东南,视频直播,77461.68
201911141420,855,黔东南,视频直播,75387.80
201911141425,855,黔东南,视频直播,75641.25
201911141430,855,黔东南,视频直播,72922.50
201911141435,855,黔东南,视频直播,74313.93
201911141440,855,黔东南,视频直播,75498.78
201911141445,855,黔东南,视频直播,76837.33
201911141450,855,黔东南,视频直播,77847.12
201911141455,855,黔东南,视频直播,78818.38
201911141500,855,黔东南,视频直播,79032.56
201911141505,855,黔东南,视频直播,78325.39
201911141510,855,黔东南,视频直播,78620.07
201911141515,855,黔东南,视频直播,80330.04
201911141520,855,黔东南,视频直播,79925.89
201911141525,855,黔东南,视频直播,81885.08
201911141530,855,黔东南,视频直播,77649.24
201911141535,855,黔东南,视频直播,79668.17
201911141540,855,黔东南,视频直播,79297.05
201911141545,855,黔东南,视频直播,78957.53
201911141550,855,黔东南,视频直播,79026.55
201911141555,855,黔东南,视频直播,79683.83
201911141600,855,黔东南,视频直播,80337.75
201911141605,855,黔东南,视频直播,79390.08
201911141610,855,黔东南,视频直播,79606.96
201911141615,855,黔东南,视频直播,82020.74
201911141620,855,黔东南,视频直播,80285.08
201911141625,855,黔东南,视频直播,78191.66
201911141630,855,黔东南,视频直播,79883.53
201911141635,855,黔东南,视频直播,79475.27
201911141640,855,黔东南,视频直播,81499.42
201911141645,855,黔东南,视频直播,81953.92
201911141650,855,黔东南,视频直播,85246.32
201911141655,855,黔东南,视频直播,84287.44
201911141700,855,黔东南,视频直播,82263.12
201911141705,855,黔东南,视频直播,84143.48
201911141710,855,黔东南,视频直播,88477.05
201911141715,855,黔东南,视频直播,84627.26
201911141720,855,黔东南,视频直播,86731.08
201911141725,855,黔东南,视频直播,89779.35
201911141730,855,黔东南,视频直播,89634.75
201911141735,855,黔东南,视频直播,85547.75
201911141740,855,黔东南,视频直播,86250.95
201911141745,855,黔东南,视频直播,86276.72
201911141750,855,黔东南,视频直播,87620.80
201911141755,855,黔东南,视频直播,88562.15
201911141800,855,黔东南,视频直播,87213.35
201911141805,855,黔东南,视频直播,85479.05
201911141810,855,黔东南,视频直播,89319.87
201911141815,855,黔东南,视频直播,90946.76
201911141820,855,黔东南,视频直播,91947.14
201911141825,855,黔东南,视频直播,97600.76
201911141830,855,黔东南,视频直播,98462.79
201911141835,855,黔东南,视频直播,99517.63
201911141840,855,黔东南,视频直播,108515.70
201911141845,855,黔东南,视频直播,114193.10
201911141850,855,黔东南,视频直播,119863.23
201911141855,855,黔东南,视频直播,113942.68
201911141900,855,黔东南,视频直播,121440.08
201911141905,855,黔东南,视频直播,124746.64
201911141910,855,黔东南,视频直播,131348.57
201911141915,855,黔东南,视频直播,132653.64
201911141920,855,黔东南,视频直播,135145.29
201911141925,855,黔东南,视频直播,143377.81
201911141930,855,黔东南,视频直播,143968.27
201911141935,855,黔东南,视频直播,148143.37
201911141940,855,黔东南,视频直播,153609.17
201911141945,855,黔东南,视频直播,153091.60
201911141950,855,黔东南,视频直播,154435.89
201911141955,855,黔东南,视频直播,155008.20
201911142000,855,黔东南,视频直播,161443.10
201911142005,855,黔东南,视频直播,165854.91
201911142010,855,黔东南,视频直播,168429.83
201911142015,855,黔东南,视频直播,173971.74
201911142020,855,黔东南,视频直播,172427.27
201911142025,855,黔东南,视频直播,177724.10
201911142030,855,黔东南,视频直播,175220.41
201911142035,855,黔东南,视频直播,179022.95
201911142040,855,黔东南,视频直播,182189.17
201911142045,855,黔东南,视频直播,184788.30
201911142050,855,黔东南,视频直播,179738.64
201911142055,855,黔东南,视频直播,183532.88
201911142100,855,黔东南,视频直播,188374.89
201911142105,855,黔东南,视频直播,190933.01
201911142110,855,黔东南,视频直播,186347.78
201911142115,855,黔东南,视频直播,187263.59
201911142120,855,黔东南,视频直播,184499.42
201911142125,855,黔东南,视频直播,186710.45
201911142130,855,黔东南,视频直播,184114.69
201911142135,855,黔东南,视频直播,180273.81
201911142140,855,黔东南,视频直播,181084.31
201911142145,855,黔东南,视频直播,177437.18
201911142150,855,黔东南,视频直播,178025.11
201911142155,855,黔东南,视频直播,177646.00
201911142200,855,黔东南,视频直播,176220.45
201911142205,855,黔东南,视频直播,170344.48
201911142210,855,黔东南,视频直播,192708.29
201911142215,855,黔东南,视频直播,189082.84
201911142220,855,黔东南,视频直播,190697.84
201911142225,855,黔东南,视频直播,183601.86
201911142230,855,黔东南,视频直播,176486.35
201911142235,855,黔东南,视频直播,172716.61
201911142240,855,黔东南,视频直播,167917.15
201911142245,855,黔东南,视频直播,156341.58
201911142250,855,黔东南,视频直播,160400.00
201911142255,855,黔东南,视频直播,159742.13
201911142300,855,黔东南,视频直播,153016.38
201911142305,855,黔东南,视频直播,148367.49
201911142310,855,黔东南,视频直播,145021.47
201911142315,855,黔东南,视频直播,140523.98
201911142320,855,黔东南,视频直播,139010.04
201911142325,855,黔东南,视频直播,132736.10
201911142330,855,黔东南,视频直播,126645.92
201911142335,855,黔东南,视频直播,120531.69
201911142340,855,黔东南,视频直播,115698.95
201911142345,855,黔东南,视频直播,110112.04
201911142350,855,黔东南,视频直播,105141.65
201911142355,855,黔东南,视频直播,106521.87
201911150000,855,黔东南,视频直播,89285.83
201911150005,855,黔东南,视频直播,80323.67
201911150010,855,黔东南,视频直播,87955.35
201911150015,855,黔东南,视频直播,84829.83
201911150020,855,黔东南,视频直播,81142.65
201911150025,855,黔东南,视频直播,76749.68
201911150030,855,黔东南,视频直播,74531.88
201911150035,855,黔东南,视频直播,71161.85
201911150040,855,黔东南,视频直播,69491.24
201911150045,855,黔东南,视频直播,69283.31
201911150050,855,黔东南,视频直播,63435.79
201911150055,855,黔东南,视频直播,62098.64
201911150100,855,黔东南,视频直播,60300.42
201911150105,855,黔东南,视频直播,56616.95
201911150110,855,黔东南,视频直播,55940.41
201911150115,855,黔东南,视频直播,50340.65
201911150120,855,黔东南,视频直播,47574.35
201911150125,855,黔东南,视频直播,47210.73
201911150130,855,黔东南,视频直播,45258.51
201911150135,855,黔东南,视频直播,46902.53
201911150140,855,黔东南,视频直播,41343.88
201911150145,855,黔东南,视频直播,43968.75
201911150150,855,黔东南,视频直播,40230.46
201911150155,855,黔东南,视频直播,38343.60
201911150200,855,黔东南,视频直播,36388.69
201911150205,855,黔东南,视频直播,34702.43
201911150210,855,黔东南,视频直播,35018.78
201911150215,855,黔东南,视频直播,34711.83
201911150220,855,黔东南,视频直播,32718.69
201911150225,855,黔东南,视频直播,30777.54
201911150230,855,黔东南,视频直播,29663.84
201911150235,855,黔东南,视频直播,28838.95
201911150240,855,黔东南,视频直播,28445.43
201911150245,855,黔东南,视频直播,28334.50
201911150250,855,黔东南,视频直播,28211.58
201911150255,855,黔东南,视频直播,26949.54
201911150300,855,黔东南,视频直播,27121.66
201911150305,855,黔东南,视频直播,28084.34
201911150310,855,黔东南,视频直播,26217.29
201911150315,855,黔东南,视频直播,24697.43
201911150320,855,黔东南,视频直播,25412.25
201911150325,855,黔东南,视频直播,23980.65
201911150330,855,黔东南,视频直播,23207.26
201911150335,855,黔东南,视频直播,22821.12
201911150340,855,黔东南,视频直播,21518.54
201911150345,855,黔东南,视频直播,21467.56
201911150350,855,黔东南,视频直播,21952.52
201911150355,855,黔东南,视频直播,21601.62
201911150400,855,黔东南,视频直播,26286.23
201911150405,855,黔东南,视频直播,21795.75
201911150410,855,黔东南,视频直播,20946.33
201911150415,855,黔东南,视频直播,21829.08
201911150420,855,黔东南,视频直播,20591.39
201911150425,855,黔东南,视频直播,20634.27
201911150430,855,黔东南,视频直播,20100.06
201911150435,855,黔东南,视频直播,19973.93
201911150440,855,黔东南,视频直播,21323.43
201911150445,855,黔东南,视频直播,21759.77
201911150450,855,黔东南,视频直播,20887.38
201911150455,855,黔东南,视频直播,21401.66
201911150500,855,黔东南,视频直播,21204.57
201911150505,855,黔东南,视频直播,20305.32
201911150510,855,黔东南,视频直播,21431.42
201911150515,855,黔东南,视频直播,22045.03
201911150520,855,黔东南,视频直播,23401.68
201911150525,855,黔东南,视频直播,24351.39
201911150530,855,黔东南,视频直播,25565.71
201911150535,855,黔东南,视频直播,25829.66
201911150540,855,黔东南,视频直播,27202.67
201911150545,855,黔东南,视频直播,28763.47
201911150550,855,黔东南,视频直播,29166.81
201911150555,855,黔东南,视频直播,30698.91
201911150600,855,黔东南,视频直播,34314.09
201911150605,855,黔东南,视频直播,35621.00
201911150610,855,黔东南,视频直播,36590.18
201911150615,855,黔东南,视频直播,41549.95
201911150620,855,黔东南,视频直播,43528.06
201911150625,855,黔东南,视频直播,44253.80
201911150630,855,黔东南,视频直播,49167.09
201911150635,855,黔东南,视频直播,49426.39
201911150640,855,黔东南,视频直播,52875.04
201911150645,855,黔东南,视频直播,54978.76
201911150650,855,黔东南,视频直播,54299.25
201911150655,855,黔东南,视频直播,57540.19
201911150700,855,黔东南,视频直播,61220.56
201911150705,855,黔东南,视频直播,62611.46
201911150710,855,黔东南,视频直播,61010.49
201911150715,855,黔东南,视频直播,61872.39
201911150720,855,黔东南,视频直播,61602.55
201911150725,855,黔东南,视频直播,63376.81
201911150730,855,黔东南,视频直播,64897.38
201911150735,855,黔东南,视频直播,64503.17
201911150740,855,黔东南,视频直播,63222.21
201911150745,855,黔东南,视频直播,62887.33
201911150750,855,黔东南,视频直播,62730.99
201911150755,855,黔东南,视频直播,63376.11
201911150800,855,黔东南,视频直播,64932.88
201911150805,855,黔东南,视频直播,62370.55
201911150810,855,黔东南,视频直播,61925.32
201911150815,855,黔东南,视频直播,65673.10
201911150820,855,黔东南,视频直播,64278.77
201911150825,855,黔东南,视频直播,65632.94
201911150830,855,黔东南,视频直播,66639.62
201911150835,855,黔东南,视频直播,63044.34
201911150840,855,黔东南,视频直播,66120.04
201911150845,855,黔东南,视频直播,65849.05
201911150850,855,黔东南,视频直播,67658.33
201911150855,855,黔东南,视频直播,67303.50
201911150900,855,黔东南,视频直播,71087.78
201911150905,855,黔东南,视频直播,69415.33
201911150910,855,黔东南,视频直播,69058.82
201911150915,855,黔东南,视频直播,69387.10
201911150920,855,黔东南,视频直播,73477.95
201911150925,855,黔东南,视频直播,71771.05
201911150930,855,黔东南,视频直播,71886.30
201911150935,855,黔东南,视频直播,75572.58
201911150940,855,黔东南,视频直播,74620.39
201911150945,855,黔东南,视频直播,74265.59
201911150950,855,黔东南,视频直播,74540.91
201911150955,855,黔东南,视频直播,73585.02
201911151000,855,黔东南,视频直播,76734.88
201911151005,855,黔东南,视频直播,74388.04
201911151010,855,黔东南,视频直播,75571.56
201911151015,855,黔东南,视频直播,79988.12
201911151020,855,黔东南,视频直播,82811.58
201911151025,855,黔东南,视频直播,84848.28
201911151030,855,黔东南,视频直播,82195.04
201911151035,855,黔东南,视频直播,82909.17
201911151040,855,黔东南,视频直播,82906.29
201911151045,855,黔东南,视频直播,81673.94
201911151050,855,黔东南,视频直播,81566.72
201911151055,855,黔东南,视频直播,79376.50
201911151100,855,黔东南,视频直播,83889.26
201911151105,855,黔东南,视频直播,79397.81
201911151110,855,黔东南,视频直播,82602.66
201911151115,855,黔东南,视频直播,86438.14
201911151120,855,黔东南,视频直播,84315.17
201911151125,855,黔东南,视频直播,86493.45
201911151130,855,黔东南,视频直播,86980.73
