201910270000,857,毕节,红包业务,0.00
201910270005,857,毕节,红包业务,0.00
201910270010,857,毕节,红包业务,0.00
201910270015,857,毕节,红包业务,0.00
201910270020,857,毕节,红包业务,0.00
201910270025,857,毕节,红包业务,0.00
201910270030,857,毕节,红包业务,0.00
201910270035,857,毕节,红包业务,0.00
201910270040,857,毕节,红包业务,0.00
201910270045,857,毕节,红包业务,0.00
201910270050,857,毕节,红包业务,0.00
201910270055,857,毕节,红包业务,0.00
201910270100,857,毕节,红包业务,0.00
201910270105,857,毕节,红包业务,0.00
201910270110,857,毕节,红包业务,0.00
201910270115,857,毕节,红包业务,0.00
201910270120,857,毕节,红包业务,0.00
201910270125,857,毕节,红包业务,0.00
201910270130,857,毕节,红包业务,0.00
201910270135,857,毕节,红包业务,0.00
201910270140,857,毕节,红包业务,0.00
201910270145,857,毕节,红包业务,0.00
201910270150,857,毕节,红包业务,0.00
201910270155,857,毕节,红包业务,0.00
201910270200,857,毕节,红包业务,0.00
201910270205,857,毕节,红包业务,0.00
201910270210,857,毕节,红包业务,0.00
201910270215,857,毕节,红包业务,0.00
201910270220,857,毕节,红包业务,0.00
201910270225,857,毕节,红包业务,0.00
201910270230,857,毕节,红包业务,0.00
201910270235,857,毕节,红包业务,0.00
201910270240,857,毕节,红包业务,0.00
201910270245,857,毕节,红包业务,0.00
201910270250,857,毕节,红包业务,0.00
201910270255,857,毕节,红包业务,0.00
201910270300,857,毕节,红包业务,0.00
201910270305,857,毕节,红包业务,0.00
201910270310,857,毕节,红包业务,0.00
201910270315,857,毕节,红包业务,0.00
201910270320,857,毕节,红包业务,0.00
201910270325,857,毕节,红包业务,0.00
201910270330,857,毕节,红包业务,0.00
201910270335,857,毕节,红包业务,0.00
201910270340,857,毕节,红包业务,0.00
201910270345,857,毕节,红包业务,0.00
201910270350,857,毕节,红包业务,0.00
201910270355,857,毕节,红包业务,0.00
201910270400,857,毕节,红包业务,0.00
201910270405,857,毕节,红包业务,0.00
201910270410,857,毕节,红包业务,0.00
201910270415,857,毕节,红包业务,0.00
201910270420,857,毕节,红包业务,0.00
201910270425,857,毕节,红包业务,0.00
201910270430,857,毕节,红包业务,0.00
201910270435,857,毕节,红包业务,0.00
201910270440,857,毕节,红包业务,0.00
201910270445,857,毕节,红包业务,0.00
201910270450,857,毕节,红包业务,0.00
201910270455,857,毕节,红包业务,0.00
201910270500,857,毕节,红包业务,0.00
201910270505,857,毕节,红包业务,0.00
201910270510,857,毕节,红包业务,0.00
201910270515,857,毕节,红包业务,0.00
201910270520,857,毕节,红包业务,0.00
201910270525,857,毕节,红包业务,0.00
201910270530,857,毕节,红包业务,0.00
201910270535,857,毕节,红包业务,0.00
201910270540,857,毕节,红包业务,0.00
201910270545,857,毕节,红包业务,0.00
201910270550,857,毕节,红包业务,0.00
201910270555,857,毕节,红包业务,0.00
201910270600,857,毕节,红包业务,0.00
201910270605,857,毕节,红包业务,0.00
201910270610,857,毕节,红包业务,0.00
201910270615,857,毕节,红包业务,0.00
201910270620,857,毕节,红包业务,0.00
201910270625,857,毕节,红包业务,0.00
201910270630,857,毕节,红包业务,0.00
201910270635,857,毕节,红包业务,0.00
201910270640,857,毕节,红包业务,0.00
201910270645,857,毕节,红包业务,0.00
201910270650,857,毕节,红包业务,0.00
201910270655,857,毕节,红包业务,0.00
201910270700,857,毕节,红包业务,0.00
201910270705,857,毕节,红包业务,0.00
201910270710,857,毕节,红包业务,0.00
201910270715,857,毕节,红包业务,0.00
201910270720,857,毕节,红包业务,0.00
201910270725,857,毕节,红包业务,0.00
201910270730,857,毕节,红包业务,0.00
201910270735,857,毕节,红包业务,0.00
201910270740,857,毕节,红包业务,0.00
201910270745,857,毕节,红包业务,0.00
201910270750,857,毕节,红包业务,0.00
201910270755,857,毕节,红包业务,0.00
201910270800,857,毕节,红包业务,0.00
201910270805,857,毕节,红包业务,0.00
201910270810,857,毕节,红包业务,0.00
201910270815,857,毕节,红包业务,0.00
201910270820,857,毕节,红包业务,0.00
201910270825,857,毕节,红包业务,0.00
201910270830,857,毕节,红包业务,0.00
201910270835,857,毕节,红包业务,0.00
201910270840,857,毕节,红包业务,0.00
201910270845,857,毕节,红包业务,0.00
201910270850,857,毕节,红包业务,0.00
201910270855,857,毕节,红包业务,0.00
201910270900,857,毕节,红包业务,0.00
201910270905,857,毕节,红包业务,0.00
201910270910,857,毕节,红包业务,0.00
201910270915,857,毕节,红包业务,0.00
201910270920,857,毕节,红包业务,0.00
201910270925,857,毕节,红包业务,0.00
201910270930,857,毕节,红包业务,0.00
201910270935,857,毕节,红包业务,0.00
201910270940,857,毕节,红包业务,0.00
201910270945,857,毕节,红包业务,0.00
201910270950,857,毕节,红包业务,0.00
201910270955,857,毕节,红包业务,0.00
201910271000,857,毕节,红包业务,0.00
201910271005,857,毕节,红包业务,0.00
201910271010,857,毕节,红包业务,0.00
201910271015,857,毕节,红包业务,0.00
201910271020,857,毕节,红包业务,0.00
201910271025,857,毕节,红包业务,0.00
201910271030,857,毕节,红包业务,0.00
201910271035,857,毕节,红包业务,0.00
201910271040,857,毕节,红包业务,0.00
201910271045,857,毕节,红包业务,0.00
201910271050,857,毕节,红包业务,0.00
201910271055,857,毕节,红包业务,0.00
201910271105,857,毕节,红包业务,0.00
201910271110,857,毕节,红包业务,0.00
201910271115,857,毕节,红包业务,0.00
201910271120,857,毕节,红包业务,0.00
201910271125,857,毕节,红包业务,0.00
201910271130,857,毕节,红包业务,0.00
201910271135,857,毕节,红包业务,0.00
201910271140,857,毕节,红包业务,0.00
201910271145,857,毕节,红包业务,0.00
201910271150,857,毕节,红包业务,0.00
201910271155,857,毕节,红包业务,0.00
201910271200,857,毕节,红包业务,0.00
201910271205,857,毕节,红包业务,0.00
201910271210,857,毕节,红包业务,0.00
201910271215,857,毕节,红包业务,0.00
201910271220,857,毕节,红包业务,0.00
201910271225,857,毕节,红包业务,0.00
201910271230,857,毕节,红包业务,0.00
201910271235,857,毕节,红包业务,0.00
201910271240,857,毕节,红包业务,0.00
201910271245,857,毕节,红包业务,0.00
201910271250,857,毕节,红包业务,0.00
201910271255,857,毕节,红包业务,0.00
201910271300,857,毕节,红包业务,0.00
201910271305,857,毕节,红包业务,0.00
201910271310,857,毕节,红包业务,0.00
201910271315,857,毕节,红包业务,0.00
201910271320,857,毕节,红包业务,0.00
201910271325,857,毕节,红包业务,0.00
201910271330,857,毕节,红包业务,0.00
201910271335,857,毕节,红包业务,0.00
201910271340,857,毕节,红包业务,0.00
201910271345,857,毕节,红包业务,0.00
201910271350,857,毕节,红包业务,0.00
201910271355,857,毕节,红包业务,0.00
201910271400,857,毕节,红包业务,0.00
201910271405,857,毕节,红包业务,0.00
201910271410,857,毕节,红包业务,0.00
201910271415,857,毕节,红包业务,0.00
201910271420,857,毕节,红包业务,0.00
201910271425,857,毕节,红包业务,0.00
201910271430,857,毕节,红包业务,0.00
201910271435,857,毕节,红包业务,0.00
201910271440,857,毕节,红包业务,0.00
201910271445,857,毕节,红包业务,0.00
201910271450,857,毕节,红包业务,0.00
201910271455,857,毕节,红包业务,0.00
201910271500,857,毕节,红包业务,0.00
201910271505,857,毕节,红包业务,0.00
201910271510,857,毕节,红包业务,0.00
201910271515,857,毕节,红包业务,0.00
201910271520,857,毕节,红包业务,0.00
201910271525,857,毕节,红包业务,0.00
201910271530,857,毕节,红包业务,0.00
201910271535,857,毕节,红包业务,0.00
201910271540,857,毕节,红包业务,0.00
201910271545,857,毕节,红包业务,0.00
201910271550,857,毕节,红包业务,0.00
201910271555,857,毕节,红包业务,0.00
201910271600,857,毕节,红包业务,0.00
201910271605,857,毕节,红包业务,0.00
201910271610,857,毕节,红包业务,0.00
201910271615,857,毕节,红包业务,0.00
201910271620,857,毕节,红包业务,0.00
201910271625,857,毕节,红包业务,0.00
201910271630,857,毕节,红包业务,0.00
201910271635,857,毕节,红包业务,0.00
201910271640,857,毕节,红包业务,0.00
201910271645,857,毕节,红包业务,0.00
201910271650,857,毕节,红包业务,0.00
201910271655,857,毕节,红包业务,0.00
201910271700,857,毕节,红包业务,0.00
201910271705,857,毕节,红包业务,0.00
201910271710,857,毕节,红包业务,0.00
201910271715,857,毕节,红包业务,0.00
201910271720,857,毕节,红包业务,0.00
201910271725,857,毕节,红包业务,0.00
201910271730,857,毕节,红包业务,0.00
201910271735,857,毕节,红包业务,0.00
201910271740,857,毕节,红包业务,0.00
201910271745,857,毕节,红包业务,0.00
201910271750,857,毕节,红包业务,0.00
201910271755,857,毕节,红包业务,0.00
201910271800,857,毕节,红包业务,0.00
201910271805,857,毕节,红包业务,0.00
201910271810,857,毕节,红包业务,0.00
201910271815,857,毕节,红包业务,0.00
201910271820,857,毕节,红包业务,0.00
201910271825,857,毕节,红包业务,0.00
201910271830,857,毕节,红包业务,0.00
201910271835,857,毕节,红包业务,0.00
201910271840,857,毕节,红包业务,0.00
201910271845,857,毕节,红包业务,0.00
201910271850,857,毕节,红包业务,0.00
201910271855,857,毕节,红包业务,0.00
201910271900,857,毕节,红包业务,0.00
201910271905,857,毕节,红包业务,0.00
201910271910,857,毕节,红包业务,0.00
201910271915,857,毕节,红包业务,0.00
201910271920,857,毕节,红包业务,0.00
201910271925,857,毕节,红包业务,0.00
201910271930,857,毕节,红包业务,0.00
201910271935,857,毕节,红包业务,0.00
201910271940,857,毕节,红包业务,0.00
201910271945,857,毕节,红包业务,0.00
201910271950,857,毕节,红包业务,0.00
201910271955,857,毕节,红包业务,0.00
201910272000,857,毕节,红包业务,0.00
201910272005,857,毕节,红包业务,0.00
201910272010,857,毕节,红包业务,0.00
201910272015,857,毕节,红包业务,0.00
201910272020,857,毕节,红包业务,0.00
201910272025,857,毕节,红包业务,0.00
201910272030,857,毕节,红包业务,0.00
201910272035,857,毕节,红包业务,0.00
201910272040,857,毕节,红包业务,0.00
201910272045,857,毕节,红包业务,0.00
201910272050,857,毕节,红包业务,0.00
201910272055,857,毕节,红包业务,0.00
201910272100,857,毕节,红包业务,0.00
201910272105,857,毕节,红包业务,0.00
201910272110,857,毕节,红包业务,0.00
201910272115,857,毕节,红包业务,0.00
201910272120,857,毕节,红包业务,0.00
201910272125,857,毕节,红包业务,0.00
201910272130,857,毕节,红包业务,0.00
201910272135,857,毕节,红包业务,0.00
201910272140,857,毕节,红包业务,0.00
201910272145,857,毕节,红包业务,0.00
201910272150,857,毕节,红包业务,0.00
201910272155,857,毕节,红包业务,0.00
201910272200,857,毕节,红包业务,0.00
201910272205,857,毕节,红包业务,0.00
201910272210,857,毕节,红包业务,0.00
201910272215,857,毕节,红包业务,0.00
201910272220,857,毕节,红包业务,0.00
201910272225,857,毕节,红包业务,0.00
201910272230,857,毕节,红包业务,0.00
201910272235,857,毕节,红包业务,0.00
201910272240,857,毕节,红包业务,0.00
201910272245,857,毕节,红包业务,0.00
201910272250,857,毕节,红包业务,0.00
201910272255,857,毕节,红包业务,0.00
201910272300,857,毕节,红包业务,0.00
201910272305,857,毕节,红包业务,0.00
201910272310,857,毕节,红包业务,0.00
201910272315,857,毕节,红包业务,0.00
201910272320,857,毕节,红包业务,0.00
201910272325,857,毕节,红包业务,0.00
201910272330,857,毕节,红包业务,0.00
201910272335,857,毕节,红包业务,0.00
201910272340,857,毕节,红包业务,0.00
201910272345,857,毕节,红包业务,0.00
201910272350,857,毕节,红包业务,0.00
201910272355,857,毕节,红包业务,0.00
201910280000,857,毕节,红包业务,0.00
201910280005,857,毕节,红包业务,0.00
201910280010,857,毕节,红包业务,0.00
201910280015,857,毕节,红包业务,0.00
201910280020,857,毕节,红包业务,0.00
201910280025,857,毕节,红包业务,0.00
201910280030,857,毕节,红包业务,0.00
201910280035,857,毕节,红包业务,0.00
201910280040,857,毕节,红包业务,0.00
201910280045,857,毕节,红包业务,0.00
201910280050,857,毕节,红包业务,0.00
201910280055,857,毕节,红包业务,0.00
201910280100,857,毕节,红包业务,0.00
201910280105,857,毕节,红包业务,0.00
201910280110,857,毕节,红包业务,0.00
201910280115,857,毕节,红包业务,0.00
201910280120,857,毕节,红包业务,0.00
201910280125,857,毕节,红包业务,0.00
201910280130,857,毕节,红包业务,0.00
201910280135,857,毕节,红包业务,0.00
201910280140,857,毕节,红包业务,0.00
201910280145,857,毕节,红包业务,0.00
201910280150,857,毕节,红包业务,0.00
201910280155,857,毕节,红包业务,0.00
201910280200,857,毕节,红包业务,0.00
201910280205,857,毕节,红包业务,0.00
201910280210,857,毕节,红包业务,0.00
201910280215,857,毕节,红包业务,0.00
201910280220,857,毕节,红包业务,0.00
201910280225,857,毕节,红包业务,0.00
201910280230,857,毕节,红包业务,0.00
201910280235,857,毕节,红包业务,0.00
201910280240,857,毕节,红包业务,0.00
201910280245,857,毕节,红包业务,0.00
201910280250,857,毕节,红包业务,0.00
201910280255,857,毕节,红包业务,0.00
201910280300,857,毕节,红包业务,0.00
201910280305,857,毕节,红包业务,0.00
201910280310,857,毕节,红包业务,0.00
201910280315,857,毕节,红包业务,0.00
201910280320,857,毕节,红包业务,0.00
201910280325,857,毕节,红包业务,0.00
201910280330,857,毕节,红包业务,0.00
201910280335,857,毕节,红包业务,0.00
201910280340,857,毕节,红包业务,0.00
201910280345,857,毕节,红包业务,0.00
201910280350,857,毕节,红包业务,0.00
201910280355,857,毕节,红包业务,0.00
201910280400,857,毕节,红包业务,0.00
201910280405,857,毕节,红包业务,0.00
201910280410,857,毕节,红包业务,0.00
201910280415,857,毕节,红包业务,0.00
201910280420,857,毕节,红包业务,0.00
201910280425,857,毕节,红包业务,0.00
201910280430,857,毕节,红包业务,0.00
201910280435,857,毕节,红包业务,0.00
201910280440,857,毕节,红包业务,0.00
201910280445,857,毕节,红包业务,0.00
201910280450,857,毕节,红包业务,0.00
201910280455,857,毕节,红包业务,0.00
201910280500,857,毕节,红包业务,0.00
201910280505,857,毕节,红包业务,0.00
201910280510,857,毕节,红包业务,0.00
201910280515,857,毕节,红包业务,0.00
201910280520,857,毕节,红包业务,0.00
201910280525,857,毕节,红包业务,0.00
201910280530,857,毕节,红包业务,0.00
201910280535,857,毕节,红包业务,0.00
201910280540,857,毕节,红包业务,0.00
201910280545,857,毕节,红包业务,0.00
201910280550,857,毕节,红包业务,0.00
201910280555,857,毕节,红包业务,0.00
201910280600,857,毕节,红包业务,0.00
201910280605,857,毕节,红包业务,0.00
201910280610,857,毕节,红包业务,0.00
201910280615,857,毕节,红包业务,0.00
201910280620,857,毕节,红包业务,0.00
201910280625,857,毕节,红包业务,0.00
201910280630,857,毕节,红包业务,0.00
201910280635,857,毕节,红包业务,0.00
201910280640,857,毕节,红包业务,0.00
201910280645,857,毕节,红包业务,0.00
201910280650,857,毕节,红包业务,0.00
201910280655,857,毕节,红包业务,0.00
201910280700,857,毕节,红包业务,0.00
201910280705,857,毕节,红包业务,0.00
201910280710,857,毕节,红包业务,0.00
201910280715,857,毕节,红包业务,0.00
201910280720,857,毕节,红包业务,0.00
201910280725,857,毕节,红包业务,0.00
201910280730,857,毕节,红包业务,0.00
201910280735,857,毕节,红包业务,0.00
201910280740,857,毕节,红包业务,0.00
201910280745,857,毕节,红包业务,0.00
201910280750,857,毕节,红包业务,0.00
201910280755,857,毕节,红包业务,0.00
201910280800,857,毕节,红包业务,0.00
201910280805,857,毕节,红包业务,0.00
201910280810,857,毕节,红包业务,0.00
201910280815,857,毕节,红包业务,0.00
201910280820,857,毕节,红包业务,0.00
201910280825,857,毕节,红包业务,0.00
201910280830,857,毕节,红包业务,0.00
201910280835,857,毕节,红包业务,0.00
201910280840,857,毕节,红包业务,0.00
201910280845,857,毕节,红包业务,0.00
201910280850,857,毕节,红包业务,0.00
201910280855,857,毕节,红包业务,0.00
201910280900,857,毕节,红包业务,0.00
201910280905,857,毕节,红包业务,0.00
201910280910,857,毕节,红包业务,0.00
201910280915,857,毕节,红包业务,0.00
201910280920,857,毕节,红包业务,0.00
201910280925,857,毕节,红包业务,0.00
201910280930,857,毕节,红包业务,0.00
201910280935,857,毕节,红包业务,0.00
201910280940,857,毕节,红包业务,0.00
201910280945,857,毕节,红包业务,0.00
201910280950,857,毕节,红包业务,0.00
201910280955,857,毕节,红包业务,0.00
201910281000,857,毕节,红包业务,0.00
201910281005,857,毕节,红包业务,0.00
201910281010,857,毕节,红包业务,0.00
201910281015,857,毕节,红包业务,0.00
201910281020,857,毕节,红包业务,0.00
201910281025,857,毕节,红包业务,0.00
201910281030,857,毕节,红包业务,0.00
201910281035,857,毕节,红包业务,0.00
201910281040,857,毕节,红包业务,0.00
201910281045,857,毕节,红包业务,0.00
201910281050,857,毕节,红包业务,0.00
201910281055,857,毕节,红包业务,0.00
201910281100,857,毕节,红包业务,0.00
201911140000,857,毕节,红包业务,0.00
201911140005,857,毕节,红包业务,0.00
201911140010,857,毕节,红包业务,0.00
201911140015,857,毕节,红包业务,0.00
201911140020,857,毕节,红包业务,0.00
201911140025,857,毕节,红包业务,0.00
201911140030,857,毕节,红包业务,0.00
201911140035,857,毕节,红包业务,0.00
201911140040,857,毕节,红包业务,0.00
201911140045,857,毕节,红包业务,0.00
201911140050,857,毕节,红包业务,0.00
201911140055,857,毕节,红包业务,0.00
201911140100,857,毕节,红包业务,0.00
201911140105,857,毕节,红包业务,0.00
201911140110,857,毕节,红包业务,0.00
201911140115,857,毕节,红包业务,0.00
201911140120,857,毕节,红包业务,0.00
201911140125,857,毕节,红包业务,0.00
201911140130,857,毕节,红包业务,0.00
201911140135,857,毕节,红包业务,0.00
201911140140,857,毕节,红包业务,0.00
201911140145,857,毕节,红包业务,0.00
201911140150,857,毕节,红包业务,0.00
201911140155,857,毕节,红包业务,0.00
201911140200,857,毕节,红包业务,0.00
201911140205,857,毕节,红包业务,0.00
201911140210,857,毕节,红包业务,0.00
201911140215,857,毕节,红包业务,0.00
201911140220,857,毕节,红包业务,0.00
201911140225,857,毕节,红包业务,0.00
201911140230,857,毕节,红包业务,0.00
201911140235,857,毕节,红包业务,0.00
201911140240,857,毕节,红包业务,0.00
201911140245,857,毕节,红包业务,0.00
201911140250,857,毕节,红包业务,0.00
201911140255,857,毕节,红包业务,0.00
201911140300,857,毕节,红包业务,0.00
201911140305,857,毕节,红包业务,0.00
201911140310,857,毕节,红包业务,0.00
201911140315,857,毕节,红包业务,0.00
201911140320,857,毕节,红包业务,0.00
201911140325,857,毕节,红包业务,0.00
201911140330,857,毕节,红包业务,0.00
201911140335,857,毕节,红包业务,0.00
201911140340,857,毕节,红包业务,0.00
201911140345,857,毕节,红包业务,0.00
201911140350,857,毕节,红包业务,0.00
201911140355,857,毕节,红包业务,0.00
201911140400,857,毕节,红包业务,0.00
201911140405,857,毕节,红包业务,0.00
201911140410,857,毕节,红包业务,0.00
201911140415,857,毕节,红包业务,0.00
201911140420,857,毕节,红包业务,0.00
201911140425,857,毕节,红包业务,0.00
201911140430,857,毕节,红包业务,0.00
201911140435,857,毕节,红包业务,0.00
201911140440,857,毕节,红包业务,0.00
201911140445,857,毕节,红包业务,0.00
201911140450,857,毕节,红包业务,0.00
201911140455,857,毕节,红包业务,0.00
201911140500,857,毕节,红包业务,0.00
201911140505,857,毕节,红包业务,0.00
201911140510,857,毕节,红包业务,0.00
201911140515,857,毕节,红包业务,0.00
201911140520,857,毕节,红包业务,0.00
201911140525,857,毕节,红包业务,0.00
201911140530,857,毕节,红包业务,0.00
201911140535,857,毕节,红包业务,0.00
201911140540,857,毕节,红包业务,0.00
201911140545,857,毕节,红包业务,0.00
201911140550,857,毕节,红包业务,0.00
201911140555,857,毕节,红包业务,0.00
201911140600,857,毕节,红包业务,0.00
201911140605,857,毕节,红包业务,0.00
201911140610,857,毕节,红包业务,0.00
201911140615,857,毕节,红包业务,0.00
201911140620,857,毕节,红包业务,0.00
201911140625,857,毕节,红包业务,0.00
201911140630,857,毕节,红包业务,0.00
201911140635,857,毕节,红包业务,0.00
201911140640,857,毕节,红包业务,0.00
201911140645,857,毕节,红包业务,0.00
201911140650,857,毕节,红包业务,0.00
201911140655,857,毕节,红包业务,0.00
201911140700,857,毕节,红包业务,0.00
201911140705,857,毕节,红包业务,0.00
201911140710,857,毕节,红包业务,0.00
201911140715,857,毕节,红包业务,0.00
201911140720,857,毕节,红包业务,0.00
201911140725,857,毕节,红包业务,0.00
201911140730,857,毕节,红包业务,0.00
201911140735,857,毕节,红包业务,0.00
201911140740,857,毕节,红包业务,0.00
201911140745,857,毕节,红包业务,0.00
201911140750,857,毕节,红包业务,0.00
201911140755,857,毕节,红包业务,0.00
201911140800,857,毕节,红包业务,0.00
201911140805,857,毕节,红包业务,0.00
201911140810,857,毕节,红包业务,0.00
201911140815,857,毕节,红包业务,0.00
201911140820,857,毕节,红包业务,0.00
201911140825,857,毕节,红包业务,0.00
201911140830,857,毕节,红包业务,0.00
201911140835,857,毕节,红包业务,0.00
201911140840,857,毕节,红包业务,0.00
201911140845,857,毕节,红包业务,0.00
201911140850,857,毕节,红包业务,0.00
201911140855,857,毕节,红包业务,0.00
201911140900,857,毕节,红包业务,0.00
201911140905,857,毕节,红包业务,0.00
201911140910,857,毕节,红包业务,0.00
201911140915,857,毕节,红包业务,0.00
201911140920,857,毕节,红包业务,0.00
201911140925,857,毕节,红包业务,0.00
201911140930,857,毕节,红包业务,0.00
201911140935,857,毕节,红包业务,0.00
201911140940,857,毕节,红包业务,0.00
201911140945,857,毕节,红包业务,0.00
201911140950,857,毕节,红包业务,0.00
201911140955,857,毕节,红包业务,0.00
201911141000,857,毕节,红包业务,0.00
201911141005,857,毕节,红包业务,0.00
201911141010,857,毕节,红包业务,0.00
201911141015,857,毕节,红包业务,0.00
201911141020,857,毕节,红包业务,0.00
201911141025,857,毕节,红包业务,0.00
201911141030,857,毕节,红包业务,0.00
201911141035,857,毕节,红包业务,0.00
201911141040,857,毕节,红包业务,0.00
201911141045,857,毕节,红包业务,0.00
201911141050,857,毕节,红包业务,0.00
201911141055,857,毕节,红包业务,0.00
201911141100,857,毕节,红包业务,0.00
201911141105,857,毕节,红包业务,0.00
201911141110,857,毕节,红包业务,0.00
201911141115,857,毕节,红包业务,0.00
201911141120,857,毕节,红包业务,0.00
201911141125,857,毕节,红包业务,0.00
201911141130,857,毕节,红包业务,0.00
201911141135,857,毕节,红包业务,0.00
201911141140,857,毕节,红包业务,0.00
201911141145,857,毕节,红包业务,0.00
201911141150,857,毕节,红包业务,0.00
201911141155,857,毕节,红包业务,0.00
201911141200,857,毕节,红包业务,0.00
201911141205,857,毕节,红包业务,0.00
201911141210,857,毕节,红包业务,0.00
201911141215,857,毕节,红包业务,0.00
201911141220,857,毕节,红包业务,0.00
201911141225,857,毕节,红包业务,0.00
201911141230,857,毕节,红包业务,0.00
201911141235,857,毕节,红包业务,0.00
201911141240,857,毕节,红包业务,0.00
201911141245,857,毕节,红包业务,0.00
201911141250,857,毕节,红包业务,0.00
201911141255,857,毕节,红包业务,0.00
201911141300,857,毕节,红包业务,0.00
201911141305,857,毕节,红包业务,0.00
201911141310,857,毕节,红包业务,0.00
201911141315,857,毕节,红包业务,0.00
201911141320,857,毕节,红包业务,0.00
201911141325,857,毕节,红包业务,0.00
201911141330,857,毕节,红包业务,0.00
201911141335,857,毕节,红包业务,0.00
201911141340,857,毕节,红包业务,0.00
201911141345,857,毕节,红包业务,0.00
201911141350,857,毕节,红包业务,0.00
201911141355,857,毕节,红包业务,0.00
201911141400,857,毕节,红包业务,0.00
201911141405,857,毕节,红包业务,0.00
201911141410,857,毕节,红包业务,0.00
201911141415,857,毕节,红包业务,0.00
201911141420,857,毕节,红包业务,0.00
201911141425,857,毕节,红包业务,0.00
201911141430,857,毕节,红包业务,0.00
201911141435,857,毕节,红包业务,0.00
201911141440,857,毕节,红包业务,0.00
201911141445,857,毕节,红包业务,0.00
201911141450,857,毕节,红包业务,0.00
201911141455,857,毕节,红包业务,0.00
201911141500,857,毕节,红包业务,0.00
201911141505,857,毕节,红包业务,0.00
201911141510,857,毕节,红包业务,0.00
201911141515,857,毕节,红包业务,0.00
201911141520,857,毕节,红包业务,0.00
201911141525,857,毕节,红包业务,0.00
201911141530,857,毕节,红包业务,0.00
201911141535,857,毕节,红包业务,0.00
201911141540,857,毕节,红包业务,0.00
201911141545,857,毕节,红包业务,0.00
201911141550,857,毕节,红包业务,0.00
201911141555,857,毕节,红包业务,0.00
201911141600,857,毕节,红包业务,0.00
201911141605,857,毕节,红包业务,0.00
201911141610,857,毕节,红包业务,0.00
201911141615,857,毕节,红包业务,0.00
201911141620,857,毕节,红包业务,0.00
201911141625,857,毕节,红包业务,0.00
201911141630,857,毕节,红包业务,0.00
201911141635,857,毕节,红包业务,0.00
201911141640,857,毕节,红包业务,0.00
201911141645,857,毕节,红包业务,0.00
201911141650,857,毕节,红包业务,0.00
201911141655,857,毕节,红包业务,0.00
201911141700,857,毕节,红包业务,0.00
201911141705,857,毕节,红包业务,0.00
201911141710,857,毕节,红包业务,0.00
201911141715,857,毕节,红包业务,0.00
201911141720,857,毕节,红包业务,0.00
201911141725,857,毕节,红包业务,0.00
201911141730,857,毕节,红包业务,0.00
201911141735,857,毕节,红包业务,0.00
201911141740,857,毕节,红包业务,0.00
201911141745,857,毕节,红包业务,0.00
201911141750,857,毕节,红包业务,0.00
201911141755,857,毕节,红包业务,0.00
201911141800,857,毕节,红包业务,0.00
201911141805,857,毕节,红包业务,0.00
201911141810,857,毕节,红包业务,0.00
201911141815,857,毕节,红包业务,0.00
201911141820,857,毕节,红包业务,0.00
201911141825,857,毕节,红包业务,0.00
201911141830,857,毕节,红包业务,0.00
201911141835,857,毕节,红包业务,0.00
201911141840,857,毕节,红包业务,0.00
201911141845,857,毕节,红包业务,0.00
201911141850,857,毕节,红包业务,0.00
201911141855,857,毕节,红包业务,0.00
201911141900,857,毕节,红包业务,0.00
201911141905,857,毕节,红包业务,0.00
201911141910,857,毕节,红包业务,0.00
201911141915,857,毕节,红包业务,0.00
201911141920,857,毕节,红包业务,0.00
201911141925,857,毕节,红包业务,0.00
201911141930,857,毕节,红包业务,0.00
201911141935,857,毕节,红包业务,0.00
201911141940,857,毕节,红包业务,0.00
201911141945,857,毕节,红包业务,0.00
201911141950,857,毕节,红包业务,0.00
201911141955,857,毕节,红包业务,0.00
201911142000,857,毕节,红包业务,0.00
201911142005,857,毕节,红包业务,0.00
201911142010,857,毕节,红包业务,0.00
201911142015,857,毕节,红包业务,0.00
201911142020,857,毕节,红包业务,0.00
201911142025,857,毕节,红包业务,0.00
201911142030,857,毕节,红包业务,0.00
201911142035,857,毕节,红包业务,0.00
201911142040,857,毕节,红包业务,0.00
201911142045,857,毕节,红包业务,0.00
201911142050,857,毕节,红包业务,0.00
201911142055,857,毕节,红包业务,0.00
201911142100,857,毕节,红包业务,0.00
201911142105,857,毕节,红包业务,0.00
201911142110,857,毕节,红包业务,0.00
201911142115,857,毕节,红包业务,0.00
201911142120,857,毕节,红包业务,0.00
201911142125,857,毕节,红包业务,0.00
201911142130,857,毕节,红包业务,0.00
201911142135,857,毕节,红包业务,0.00
201911142140,857,毕节,红包业务,0.00
201911142145,857,毕节,红包业务,0.00
201911142150,857,毕节,红包业务,0.00
201911142155,857,毕节,红包业务,0.00
201911142200,857,毕节,红包业务,0.00
201911142205,857,毕节,红包业务,0.00
201911142210,857,毕节,红包业务,0.00
201911142215,857,毕节,红包业务,0.00
201911142220,857,毕节,红包业务,0.00
201911142225,857,毕节,红包业务,0.00
201911142230,857,毕节,红包业务,0.00
201911142235,857,毕节,红包业务,0.00
201911142240,857,毕节,红包业务,0.00
201911142245,857,毕节,红包业务,0.00
201911142250,857,毕节,红包业务,0.00
201911142255,857,毕节,红包业务,0.00
201911142300,857,毕节,红包业务,0.00
201911142305,857,毕节,红包业务,0.00
201911142310,857,毕节,红包业务,0.00
201911142315,857,毕节,红包业务,0.00
201911142320,857,毕节,红包业务,0.00
201911142325,857,毕节,红包业务,0.00
201911142330,857,毕节,红包业务,0.00
201911142335,857,毕节,红包业务,0.00
201911142340,857,毕节,红包业务,0.00
201911142345,857,毕节,红包业务,0.00
201911142350,857,毕节,红包业务,0.00
201911142355,857,毕节,红包业务,0.00
201911150000,857,毕节,红包业务,0.00
201911150005,857,毕节,红包业务,0.00
201911150010,857,毕节,红包业务,0.00
201911150015,857,毕节,红包业务,0.00
201911150020,857,毕节,红包业务,0.00
201911150025,857,毕节,红包业务,0.00
201911150030,857,毕节,红包业务,0.00
201911150035,857,毕节,红包业务,0.00
201911150040,857,毕节,红包业务,0.00
201911150045,857,毕节,红包业务,0.00
201911150050,857,毕节,红包业务,0.00
201911150055,857,毕节,红包业务,0.00
201911150100,857,毕节,红包业务,0.00
201911150105,857,毕节,红包业务,0.00
201911150110,857,毕节,红包业务,0.00
201911150115,857,毕节,红包业务,0.00
201911150120,857,毕节,红包业务,0.00
201911150125,857,毕节,红包业务,0.00
201911150130,857,毕节,红包业务,0.00
201911150135,857,毕节,红包业务,0.00
201911150140,857,毕节,红包业务,0.00
201911150145,857,毕节,红包业务,0.00
201911150150,857,毕节,红包业务,0.00
201911150155,857,毕节,红包业务,0.00
201911150200,857,毕节,红包业务,0.00
201911150205,857,毕节,红包业务,0.00
201911150210,857,毕节,红包业务,0.00
201911150215,857,毕节,红包业务,0.00
201911150220,857,毕节,红包业务,0.00
201911150225,857,毕节,红包业务,0.00
201911150230,857,毕节,红包业务,0.00
201911150235,857,毕节,红包业务,0.00
201911150240,857,毕节,红包业务,0.00
201911150245,857,毕节,红包业务,0.00
201911150250,857,毕节,红包业务,0.00
201911150255,857,毕节,红包业务,0.00
201911150300,857,毕节,红包业务,0.00
201911150305,857,毕节,红包业务,0.00
201911150310,857,毕节,红包业务,0.00
201911150315,857,毕节,红包业务,0.00
201911150320,857,毕节,红包业务,0.00
201911150325,857,毕节,红包业务,0.00
201911150330,857,毕节,红包业务,0.00
201911150335,857,毕节,红包业务,0.00
201911150340,857,毕节,红包业务,0.00
201911150345,857,毕节,红包业务,0.00
201911150350,857,毕节,红包业务,0.00
201911150355,857,毕节,红包业务,0.00
201911150400,857,毕节,红包业务,0.00
201911150405,857,毕节,红包业务,0.00
201911150410,857,毕节,红包业务,0.00
201911150415,857,毕节,红包业务,0.00
201911150420,857,毕节,红包业务,0.00
201911150425,857,毕节,红包业务,0.00
201911150430,857,毕节,红包业务,0.00
201911150435,857,毕节,红包业务,0.00
201911150440,857,毕节,红包业务,0.00
201911150445,857,毕节,红包业务,0.00
201911150450,857,毕节,红包业务,0.00
201911150455,857,毕节,红包业务,0.00
201911150500,857,毕节,红包业务,0.00
201911150505,857,毕节,红包业务,0.00
201911150510,857,毕节,红包业务,0.00
201911150515,857,毕节,红包业务,0.00
201911150520,857,毕节,红包业务,0.00
201911150525,857,毕节,红包业务,0.00
201911150530,857,毕节,红包业务,0.00
201911150535,857,毕节,红包业务,0.00
201911150540,857,毕节,红包业务,0.00
201911150545,857,毕节,红包业务,0.00
201911150550,857,毕节,红包业务,0.00
201911150555,857,毕节,红包业务,0.00
201911150600,857,毕节,红包业务,0.00
201911150605,857,毕节,红包业务,0.00
201911150610,857,毕节,红包业务,0.00
201911150615,857,毕节,红包业务,0.00
201911150620,857,毕节,红包业务,0.00
201911150625,857,毕节,红包业务,0.00
201911150630,857,毕节,红包业务,0.00
201911150635,857,毕节,红包业务,0.00
201911150640,857,毕节,红包业务,0.00
201911150645,857,毕节,红包业务,0.00
201911150650,857,毕节,红包业务,0.00
201911150655,857,毕节,红包业务,0.00
201911150700,857,毕节,红包业务,0.00
201911150705,857,毕节,红包业务,0.00
201911150710,857,毕节,红包业务,0.00
201911150715,857,毕节,红包业务,0.00
201911150720,857,毕节,红包业务,0.00
201911150725,857,毕节,红包业务,0.00
201911150730,857,毕节,红包业务,0.00
201911150735,857,毕节,红包业务,0.00
201911150740,857,毕节,红包业务,0.00
201911150745,857,毕节,红包业务,0.00
201911150750,857,毕节,红包业务,0.00
201911150755,857,毕节,红包业务,0.00
201911150800,857,毕节,红包业务,0.00
201911150805,857,毕节,红包业务,0.00
201911150810,857,毕节,红包业务,0.00
201911150815,857,毕节,红包业务,0.00
201911150820,857,毕节,红包业务,0.00
201911150825,857,毕节,红包业务,0.00
201911150830,857,毕节,红包业务,0.00
201911150835,857,毕节,红包业务,0.00
201911150840,857,毕节,红包业务,0.00
201911150845,857,毕节,红包业务,0.00
201911150850,857,毕节,红包业务,0.00
201911150855,857,毕节,红包业务,0.00
201911150900,857,毕节,红包业务,0.00
201911150905,857,毕节,红包业务,0.00
201911150910,857,毕节,红包业务,0.00
201911150915,857,毕节,红包业务,0.00
201911150920,857,毕节,红包业务,0.00
201911150925,857,毕节,红包业务,0.00
201911150930,857,毕节,红包业务,0.00
201911150935,857,毕节,红包业务,0.00
201911150940,857,毕节,红包业务,0.00
201911150945,857,毕节,红包业务,0.00
201911150950,857,毕节,红包业务,0.00
201911150955,857,毕节,红包业务,0.00
201911151000,857,毕节,红包业务,0.00
201911151005,857,毕节,红包业务,0.00
201911151010,857,毕节,红包业务,0.00
201911151015,857,毕节,红包业务,0.00
201911151020,857,毕节,红包业务,0.00
201911151025,857,毕节,红包业务,0.00
201911151030,857,毕节,红包业务,0.00
201911151035,857,毕节,红包业务,0.00
201911151040,857,毕节,红包业务,0.00
201911151045,857,毕节,红包业务,0.00
201911151050,857,毕节,红包业务,0.00
201911151055,857,毕节,红包业务,0.00
201911151100,857,毕节,红包业务,0.00
201911151105,857,毕节,红包业务,0.00
201911151110,857,毕节,红包业务,0.00
201911151115,857,毕节,红包业务,0.00
201911151120,857,毕节,红包业务,0.00
201911151125,857,毕节,红包业务,0.00
201911151130,857,毕节,红包业务,0.00
201910270000,857,毕节,红包业务,0.00
201910270005,857,毕节,红包业务,0.00
201910270010,857,毕节,红包业务,0.00
201910270015,857,毕节,红包业务,0.00
201910270020,857,毕节,红包业务,0.00
201910270025,857,毕节,红包业务,0.00
201910270030,857,毕节,红包业务,0.00
201910270035,857,毕节,红包业务,0.00
201910270040,857,毕节,红包业务,0.00
201910270045,857,毕节,红包业务,0.00
201910270050,857,毕节,红包业务,0.00
201910270055,857,毕节,红包业务,0.00
201910270100,857,毕节,红包业务,0.00
201910270105,857,毕节,红包业务,0.00
201910270110,857,毕节,红包业务,0.00
201910270115,857,毕节,红包业务,0.00
201910270120,857,毕节,红包业务,0.00
201910270125,857,毕节,红包业务,0.00
201910270130,857,毕节,红包业务,0.00
201910270135,857,毕节,红包业务,0.00
201910270140,857,毕节,红包业务,0.00
201910270145,857,毕节,红包业务,0.00
201910270150,857,毕节,红包业务,0.00
201910270155,857,毕节,红包业务,0.00
201910270200,857,毕节,红包业务,0.00
201910270205,857,毕节,红包业务,0.00
201910270210,857,毕节,红包业务,0.00
201910270215,857,毕节,红包业务,0.00
201910270220,857,毕节,红包业务,0.00
201910270225,857,毕节,红包业务,0.00
201910270230,857,毕节,红包业务,0.00
201910270235,857,毕节,红包业务,0.00
201910270240,857,毕节,红包业务,0.00
201910270245,857,毕节,红包业务,0.00
201910270250,857,毕节,红包业务,0.00
201910270255,857,毕节,红包业务,0.00
201910270300,857,毕节,红包业务,0.00
201910270305,857,毕节,红包业务,0.00
201910270310,857,毕节,红包业务,0.00
201910270315,857,毕节,红包业务,0.00
201910270320,857,毕节,红包业务,0.00
201910270325,857,毕节,红包业务,0.00
201910270330,857,毕节,红包业务,0.00
201910270335,857,毕节,红包业务,0.00
201910270340,857,毕节,红包业务,0.00
201910270345,857,毕节,红包业务,0.00
201910270350,857,毕节,红包业务,0.00
201910270355,857,毕节,红包业务,0.00
201910270400,857,毕节,红包业务,0.00
201910270405,857,毕节,红包业务,0.00
201910270410,857,毕节,红包业务,0.00
201910270415,857,毕节,红包业务,0.00
201910270420,857,毕节,红包业务,0.00
201910270425,857,毕节,红包业务,0.00
201910270430,857,毕节,红包业务,0.00
201910270435,857,毕节,红包业务,0.00
201910270440,857,毕节,红包业务,0.00
201910270445,857,毕节,红包业务,0.00
201910270450,857,毕节,红包业务,0.00
201910270455,857,毕节,红包业务,0.00
201910270500,857,毕节,红包业务,0.00
201910270505,857,毕节,红包业务,0.00
201910270510,857,毕节,红包业务,0.00
201910270515,857,毕节,红包业务,0.00
201910270520,857,毕节,红包业务,0.00
201910270525,857,毕节,红包业务,0.00
201910270530,857,毕节,红包业务,0.00
201910270535,857,毕节,红包业务,0.00
201910270540,857,毕节,红包业务,0.00
201910270545,857,毕节,红包业务,0.00
201910270550,857,毕节,红包业务,0.00
201910270555,857,毕节,红包业务,0.00
201910270600,857,毕节,红包业务,0.00
201910270605,857,毕节,红包业务,0.00
201910270610,857,毕节,红包业务,0.00
201910270615,857,毕节,红包业务,0.00
201910270620,857,毕节,红包业务,0.00
201910270625,857,毕节,红包业务,0.00
201910270630,857,毕节,红包业务,0.00
201910270635,857,毕节,红包业务,0.00
201910270640,857,毕节,红包业务,0.00
201910270645,857,毕节,红包业务,0.00
201910270650,857,毕节,红包业务,0.00
201910270655,857,毕节,红包业务,0.00
201910270700,857,毕节,红包业务,0.00
201910270705,857,毕节,红包业务,0.00
201910270710,857,毕节,红包业务,0.00
201910270715,857,毕节,红包业务,0.00
201910270720,857,毕节,红包业务,0.00
201910270725,857,毕节,红包业务,0.00
201910270730,857,毕节,红包业务,0.00
201910270735,857,毕节,红包业务,0.00
201910270740,857,毕节,红包业务,0.00
201910270745,857,毕节,红包业务,0.00
201910270750,857,毕节,红包业务,0.00
201910270755,857,毕节,红包业务,0.00
201910270800,857,毕节,红包业务,0.00
201910270805,857,毕节,红包业务,0.00
201910270810,857,毕节,红包业务,0.00
201910270815,857,毕节,红包业务,0.00
201910270820,857,毕节,红包业务,0.00
201910270825,857,毕节,红包业务,0.00
201910270830,857,毕节,红包业务,0.00
201910270835,857,毕节,红包业务,0.00
201910270840,857,毕节,红包业务,0.00
201910270845,857,毕节,红包业务,0.00
201910270850,857,毕节,红包业务,0.00
201910270855,857,毕节,红包业务,0.00
201910270900,857,毕节,红包业务,0.00
201910270905,857,毕节,红包业务,0.00
201910270910,857,毕节,红包业务,0.00
201910270915,857,毕节,红包业务,0.00
201910270920,857,毕节,红包业务,0.00
201910270925,857,毕节,红包业务,0.00
201910270930,857,毕节,红包业务,0.00
201910270935,857,毕节,红包业务,0.00
201910270940,857,毕节,红包业务,0.00
201910270945,857,毕节,红包业务,0.00
201910270950,857,毕节,红包业务,0.00
201910270955,857,毕节,红包业务,0.00
201910271000,857,毕节,红包业务,0.00
201910271005,857,毕节,红包业务,0.00
201910271010,857,毕节,红包业务,0.00
201910271015,857,毕节,红包业务,0.00
201910271020,857,毕节,红包业务,0.00
201910271025,857,毕节,红包业务,0.00
201910271030,857,毕节,红包业务,0.00
201910271035,857,毕节,红包业务,0.00
201910271040,857,毕节,红包业务,0.00
201910271045,857,毕节,红包业务,0.00
201910271050,857,毕节,红包业务,0.00
201910271055,857,毕节,红包业务,0.00
201910271105,857,毕节,红包业务,0.00
201910271110,857,毕节,红包业务,0.00
201910271115,857,毕节,红包业务,0.00
201910271120,857,毕节,红包业务,0.00
201910271125,857,毕节,红包业务,0.00
201910271130,857,毕节,红包业务,0.00
201910271135,857,毕节,红包业务,0.00
201910271140,857,毕节,红包业务,0.00
201910271145,857,毕节,红包业务,0.00
201910271150,857,毕节,红包业务,0.00
201910271155,857,毕节,红包业务,0.00
201910271200,857,毕节,红包业务,0.00
201910271205,857,毕节,红包业务,0.00
201910271210,857,毕节,红包业务,0.00
201910271215,857,毕节,红包业务,0.00
201910271220,857,毕节,红包业务,0.00
201910271225,857,毕节,红包业务,0.00
201910271230,857,毕节,红包业务,0.00
201910271235,857,毕节,红包业务,0.00
201910271240,857,毕节,红包业务,0.00
201910271245,857,毕节,红包业务,0.00
201910271250,857,毕节,红包业务,0.00
201910271255,857,毕节,红包业务,0.00
201910271300,857,毕节,红包业务,0.00
201910271305,857,毕节,红包业务,0.00
201910271310,857,毕节,红包业务,0.00
201910271315,857,毕节,红包业务,0.00
201910271320,857,毕节,红包业务,0.00
201910271325,857,毕节,红包业务,0.00
201910271330,857,毕节,红包业务,0.00
201910271335,857,毕节,红包业务,0.00
201910271340,857,毕节,红包业务,0.00
201910271345,857,毕节,红包业务,0.00
201910271350,857,毕节,红包业务,0.00
201910271355,857,毕节,红包业务,0.00
201910271400,857,毕节,红包业务,0.00
201910271405,857,毕节,红包业务,0.00
201910271410,857,毕节,红包业务,0.00
201910271415,857,毕节,红包业务,0.00
201910271420,857,毕节,红包业务,0.00
201910271425,857,毕节,红包业务,0.00
201910271430,857,毕节,红包业务,0.00
201910271435,857,毕节,红包业务,0.00
201910271440,857,毕节,红包业务,0.00
201910271445,857,毕节,红包业务,0.00
201910271450,857,毕节,红包业务,0.00
201910271455,857,毕节,红包业务,0.00
201910271500,857,毕节,红包业务,0.00
201910271505,857,毕节,红包业务,0.00
201910271510,857,毕节,红包业务,0.00
201910271515,857,毕节,红包业务,0.00
201910271520,857,毕节,红包业务,0.00
201910271525,857,毕节,红包业务,0.00
201910271530,857,毕节,红包业务,0.00
201910271535,857,毕节,红包业务,0.00
201910271540,857,毕节,红包业务,0.00
201910271545,857,毕节,红包业务,0.00
201910271550,857,毕节,红包业务,0.00
201910271555,857,毕节,红包业务,0.00
201910271600,857,毕节,红包业务,0.00
201910271605,857,毕节,红包业务,0.00
201910271610,857,毕节,红包业务,0.00
201910271615,857,毕节,红包业务,0.00
201910271620,857,毕节,红包业务,0.00
201910271625,857,毕节,红包业务,0.00
201910271630,857,毕节,红包业务,0.00
201910271635,857,毕节,红包业务,0.00
201910271640,857,毕节,红包业务,0.00
201910271645,857,毕节,红包业务,0.00
201910271650,857,毕节,红包业务,0.00
201910271655,857,毕节,红包业务,0.00
201910271700,857,毕节,红包业务,0.00
201910271705,857,毕节,红包业务,0.00
201910271710,857,毕节,红包业务,0.00
201910271715,857,毕节,红包业务,0.00
201910271720,857,毕节,红包业务,0.00
201910271725,857,毕节,红包业务,0.00
201910271730,857,毕节,红包业务,0.00
201910271735,857,毕节,红包业务,0.00
201910271740,857,毕节,红包业务,0.00
201910271745,857,毕节,红包业务,0.00
201910271750,857,毕节,红包业务,0.00
201910271755,857,毕节,红包业务,0.00
201910271800,857,毕节,红包业务,0.00
201910271805,857,毕节,红包业务,0.00
201910271810,857,毕节,红包业务,0.00
201910271815,857,毕节,红包业务,0.00
201910271820,857,毕节,红包业务,0.00
201910271825,857,毕节,红包业务,0.00
201910271830,857,毕节,红包业务,0.00
201910271835,857,毕节,红包业务,0.00
201910271840,857,毕节,红包业务,0.00
201910271845,857,毕节,红包业务,0.00
201910271850,857,毕节,红包业务,0.00
201910271855,857,毕节,红包业务,0.00
201910271900,857,毕节,红包业务,0.00
201910271905,857,毕节,红包业务,0.00
201910271910,857,毕节,红包业务,0.00
201910271915,857,毕节,红包业务,0.00
201910271920,857,毕节,红包业务,0.00
201910271925,857,毕节,红包业务,0.00
201910271930,857,毕节,红包业务,0.00
201910271935,857,毕节,红包业务,0.00
201910271940,857,毕节,红包业务,0.00
201910271945,857,毕节,红包业务,0.00
201910271950,857,毕节,红包业务,0.00
201910271955,857,毕节,红包业务,0.00
201910272000,857,毕节,红包业务,0.00
201910272005,857,毕节,红包业务,0.00
201910272010,857,毕节,红包业务,0.00
201910272015,857,毕节,红包业务,0.00
201910272020,857,毕节,红包业务,0.00
201910272025,857,毕节,红包业务,0.00
201910272030,857,毕节,红包业务,0.00
201910272035,857,毕节,红包业务,0.00
201910272040,857,毕节,红包业务,0.00
201910272045,857,毕节,红包业务,0.00
201910272050,857,毕节,红包业务,0.00
201910272055,857,毕节,红包业务,0.00
201910272100,857,毕节,红包业务,0.00
201910272105,857,毕节,红包业务,0.00
201910272110,857,毕节,红包业务,0.00
201910272115,857,毕节,红包业务,0.00
201910272120,857,毕节,红包业务,0.00
201910272125,857,毕节,红包业务,0.00
201910272130,857,毕节,红包业务,0.00
201910272135,857,毕节,红包业务,0.00
201910272140,857,毕节,红包业务,0.00
201910272145,857,毕节,红包业务,0.00
201910272150,857,毕节,红包业务,0.00
201910272155,857,毕节,红包业务,0.00
201910272200,857,毕节,红包业务,0.00
201910272205,857,毕节,红包业务,0.00
201910272210,857,毕节,红包业务,0.00
201910272215,857,毕节,红包业务,0.00
201910272220,857,毕节,红包业务,0.00
201910272225,857,毕节,红包业务,0.00
201910272230,857,毕节,红包业务,0.00
201910272235,857,毕节,红包业务,0.00
201910272240,857,毕节,红包业务,0.00
201910272245,857,毕节,红包业务,0.00
201910272250,857,毕节,红包业务,0.00
201910272255,857,毕节,红包业务,0.00
201910272300,857,毕节,红包业务,0.00
201910272305,857,毕节,红包业务,0.00
201910272310,857,毕节,红包业务,0.00
201910272315,857,毕节,红包业务,0.00
201910272320,857,毕节,红包业务,0.00
201910272325,857,毕节,红包业务,0.00
201910272330,857,毕节,红包业务,0.00
201910272335,857,毕节,红包业务,0.00
201910272340,857,毕节,红包业务,0.00
201910272345,857,毕节,红包业务,0.00
201910272350,857,毕节,红包业务,0.00
201910272355,857,毕节,红包业务,0.00
201910280000,857,毕节,红包业务,0.00
201910280005,857,毕节,红包业务,0.00
201910280010,857,毕节,红包业务,0.00
201910280015,857,毕节,红包业务,0.00
201910280020,857,毕节,红包业务,0.00
201910280025,857,毕节,红包业务,0.00
201910280030,857,毕节,红包业务,0.00
201910280035,857,毕节,红包业务,0.00
201910280040,857,毕节,红包业务,0.00
201910280045,857,毕节,红包业务,0.00
201910280050,857,毕节,红包业务,0.00
201910280055,857,毕节,红包业务,0.00
201910280100,857,毕节,红包业务,0.00
201910280105,857,毕节,红包业务,0.00
201910280110,857,毕节,红包业务,0.00
201910280115,857,毕节,红包业务,0.00
201910280120,857,毕节,红包业务,0.00
201910280125,857,毕节,红包业务,0.00
201910280130,857,毕节,红包业务,0.00
201910280135,857,毕节,红包业务,0.00
201910280140,857,毕节,红包业务,0.00
201910280145,857,毕节,红包业务,0.00
201910280150,857,毕节,红包业务,0.00
201910280155,857,毕节,红包业务,0.00
201910280200,857,毕节,红包业务,0.00
201910280205,857,毕节,红包业务,0.00
201910280210,857,毕节,红包业务,0.00
201910280215,857,毕节,红包业务,0.00
201910280220,857,毕节,红包业务,0.00
201910280225,857,毕节,红包业务,0.00
201910280230,857,毕节,红包业务,0.00
201910280235,857,毕节,红包业务,0.00
201910280240,857,毕节,红包业务,0.00
201910280245,857,毕节,红包业务,0.00
201910280250,857,毕节,红包业务,0.00
201910280255,857,毕节,红包业务,0.00
201910280300,857,毕节,红包业务,0.00
201910280305,857,毕节,红包业务,0.00
201910280310,857,毕节,红包业务,0.00
201910280315,857,毕节,红包业务,0.00
201910280320,857,毕节,红包业务,0.00
201910280325,857,毕节,红包业务,0.00
201910280330,857,毕节,红包业务,0.00
201910280335,857,毕节,红包业务,0.00
201910280340,857,毕节,红包业务,0.00
201910280345,857,毕节,红包业务,0.00
201910280350,857,毕节,红包业务,0.00
201910280355,857,毕节,红包业务,0.00
201910280400,857,毕节,红包业务,0.00
201910280405,857,毕节,红包业务,0.00
201910280410,857,毕节,红包业务,0.00
201910280415,857,毕节,红包业务,0.00
201910280420,857,毕节,红包业务,0.00
201910280425,857,毕节,红包业务,0.00
201910280430,857,毕节,红包业务,0.00
201910280435,857,毕节,红包业务,0.00
201910280440,857,毕节,红包业务,0.00
201910280445,857,毕节,红包业务,0.00
201910280450,857,毕节,红包业务,0.00
201910280455,857,毕节,红包业务,0.00
201910280500,857,毕节,红包业务,0.00
201910280505,857,毕节,红包业务,0.00
201910280510,857,毕节,红包业务,0.00
201910280515,857,毕节,红包业务,0.00
201910280520,857,毕节,红包业务,0.00
201910280525,857,毕节,红包业务,0.00
201910280530,857,毕节,红包业务,0.00
201910280535,857,毕节,红包业务,0.00
201910280540,857,毕节,红包业务,0.00
201910280545,857,毕节,红包业务,0.00
201910280550,857,毕节,红包业务,0.00
201910280555,857,毕节,红包业务,0.00
201910280600,857,毕节,红包业务,0.00
201910280605,857,毕节,红包业务,0.00
201910280610,857,毕节,红包业务,0.00
201910280615,857,毕节,红包业务,0.00
201910280620,857,毕节,红包业务,0.00
201910280625,857,毕节,红包业务,0.00
201910280630,857,毕节,红包业务,0.00
201910280635,857,毕节,红包业务,0.00
201910280640,857,毕节,红包业务,0.00
201910280645,857,毕节,红包业务,0.00
201910280650,857,毕节,红包业务,0.00
201910280655,857,毕节,红包业务,0.00
201910280700,857,毕节,红包业务,0.00
201910280705,857,毕节,红包业务,0.00
201910280710,857,毕节,红包业务,0.00
201910280715,857,毕节,红包业务,0.00
201910280720,857,毕节,红包业务,0.00
201910280725,857,毕节,红包业务,0.00
201910280730,857,毕节,红包业务,0.00
201910280735,857,毕节,红包业务,0.00
201910280740,857,毕节,红包业务,0.00
201910280745,857,毕节,红包业务,0.00
201910280750,857,毕节,红包业务,0.00
201910280755,857,毕节,红包业务,0.00
201910280800,857,毕节,红包业务,0.00
201910280805,857,毕节,红包业务,0.00
201910280810,857,毕节,红包业务,0.00
201910280815,857,毕节,红包业务,0.00
201910280820,857,毕节,红包业务,0.00
201910280825,857,毕节,红包业务,0.00
201910280830,857,毕节,红包业务,0.00
201910280835,857,毕节,红包业务,0.00
201910280840,857,毕节,红包业务,0.00
201910280845,857,毕节,红包业务,0.00
201910280850,857,毕节,红包业务,0.00
201910280855,857,毕节,红包业务,0.00
201910280900,857,毕节,红包业务,0.00
201910280905,857,毕节,红包业务,0.00
201910280910,857,毕节,红包业务,0.00
201910280915,857,毕节,红包业务,0.00
201910280920,857,毕节,红包业务,0.00
201910280925,857,毕节,红包业务,0.00
201910280930,857,毕节,红包业务,0.00
201910280935,857,毕节,红包业务,0.00
201910280940,857,毕节,红包业务,0.00
201910280945,857,毕节,红包业务,0.00
201910280950,857,毕节,红包业务,0.00
201910280955,857,毕节,红包业务,0.00
201910281000,857,毕节,红包业务,0.00
201910281005,857,毕节,红包业务,0.00
201910281010,857,毕节,红包业务,0.00
201910281015,857,毕节,红包业务,0.00
201910281020,857,毕节,红包业务,0.00
201910281025,857,毕节,红包业务,0.00
201910281030,857,毕节,红包业务,0.00
201910281035,857,毕节,红包业务,0.00
201910281040,857,毕节,红包业务,0.00
201910281045,857,毕节,红包业务,0.00
201910281050,857,毕节,红包业务,0.00
201910281055,857,毕节,红包业务,0.00
201910281100,857,毕节,红包业务,0.00
201911140000,857,毕节,红包业务,0.00
201911140005,857,毕节,红包业务,0.00
201911140010,857,毕节,红包业务,0.00
201911140015,857,毕节,红包业务,0.00
201911140020,857,毕节,红包业务,0.00
201911140025,857,毕节,红包业务,0.00
201911140030,857,毕节,红包业务,0.00
201911140035,857,毕节,红包业务,0.00
201911140040,857,毕节,红包业务,0.00
201911140045,857,毕节,红包业务,0.00
201911140050,857,毕节,红包业务,0.00
201911140055,857,毕节,红包业务,0.00
201911140100,857,毕节,红包业务,0.00
201911140105,857,毕节,红包业务,0.00
201911140110,857,毕节,红包业务,0.00
201911140115,857,毕节,红包业务,0.00
201911140120,857,毕节,红包业务,0.00
201911140125,857,毕节,红包业务,0.00
201911140130,857,毕节,红包业务,0.00
201911140135,857,毕节,红包业务,0.00
201911140140,857,毕节,红包业务,0.00
201911140145,857,毕节,红包业务,0.00
201911140150,857,毕节,红包业务,0.00
201911140155,857,毕节,红包业务,0.00
201911140200,857,毕节,红包业务,0.00
201911140205,857,毕节,红包业务,0.00
201911140210,857,毕节,红包业务,0.00
201911140215,857,毕节,红包业务,0.00
201911140220,857,毕节,红包业务,0.00
201911140225,857,毕节,红包业务,0.00
201911140230,857,毕节,红包业务,0.00
201911140235,857,毕节,红包业务,0.00
201911140240,857,毕节,红包业务,0.00
201911140245,857,毕节,红包业务,0.00
201911140250,857,毕节,红包业务,0.00
201911140255,857,毕节,红包业务,0.00
201911140300,857,毕节,红包业务,0.00
201911140305,857,毕节,红包业务,0.00
201911140310,857,毕节,红包业务,0.00
201911140315,857,毕节,红包业务,0.00
201911140320,857,毕节,红包业务,0.00
201911140325,857,毕节,红包业务,0.00
201911140330,857,毕节,红包业务,0.00
201911140335,857,毕节,红包业务,0.00
201911140340,857,毕节,红包业务,0.00
201911140345,857,毕节,红包业务,0.00
201911140350,857,毕节,红包业务,0.00
201911140355,857,毕节,红包业务,0.00
201911140400,857,毕节,红包业务,0.00
201911140405,857,毕节,红包业务,0.00
201911140410,857,毕节,红包业务,0.00
201911140415,857,毕节,红包业务,0.00
201911140420,857,毕节,红包业务,0.00
201911140425,857,毕节,红包业务,0.00
201911140430,857,毕节,红包业务,0.00
201911140435,857,毕节,红包业务,0.00
201911140440,857,毕节,红包业务,0.00
201911140445,857,毕节,红包业务,0.00
201911140450,857,毕节,红包业务,0.00
201911140455,857,毕节,红包业务,0.00
201911140500,857,毕节,红包业务,0.00
201911140505,857,毕节,红包业务,0.00
201911140510,857,毕节,红包业务,0.00
201911140515,857,毕节,红包业务,0.00
201911140520,857,毕节,红包业务,0.00
201911140525,857,毕节,红包业务,0.00
201911140530,857,毕节,红包业务,0.00
201911140535,857,毕节,红包业务,0.00
201911140540,857,毕节,红包业务,0.00
201911140545,857,毕节,红包业务,0.00
201911140550,857,毕节,红包业务,0.00
201911140555,857,毕节,红包业务,0.00
201911140600,857,毕节,红包业务,0.00
201911140605,857,毕节,红包业务,0.00
201911140610,857,毕节,红包业务,0.00
201911140615,857,毕节,红包业务,0.00
201911140620,857,毕节,红包业务,0.00
201911140625,857,毕节,红包业务,0.00
201911140630,857,毕节,红包业务,0.00
201911140635,857,毕节,红包业务,0.00
201911140640,857,毕节,红包业务,0.00
201911140645,857,毕节,红包业务,0.00
201911140650,857,毕节,红包业务,0.00
201911140655,857,毕节,红包业务,0.00
201911140700,857,毕节,红包业务,0.00
201911140705,857,毕节,红包业务,0.00
201911140710,857,毕节,红包业务,0.00
201911140715,857,毕节,红包业务,0.00
201911140720,857,毕节,红包业务,0.00
201911140725,857,毕节,红包业务,0.00
201911140730,857,毕节,红包业务,0.00
201911140735,857,毕节,红包业务,0.00
201911140740,857,毕节,红包业务,0.00
201911140745,857,毕节,红包业务,0.00
201911140750,857,毕节,红包业务,0.00
201911140755,857,毕节,红包业务,0.00
201911140800,857,毕节,红包业务,0.00
201911140805,857,毕节,红包业务,0.00
201911140810,857,毕节,红包业务,0.00
201911140815,857,毕节,红包业务,0.00
201911140820,857,毕节,红包业务,0.00
201911140825,857,毕节,红包业务,0.00
201911140830,857,毕节,红包业务,0.00
201911140835,857,毕节,红包业务,0.00
201911140840,857,毕节,红包业务,0.00
201911140845,857,毕节,红包业务,0.00
201911140850,857,毕节,红包业务,0.00
201911140855,857,毕节,红包业务,0.00
201911140900,857,毕节,红包业务,0.00
201911140905,857,毕节,红包业务,0.00
201911140910,857,毕节,红包业务,0.00
201911140915,857,毕节,红包业务,0.00
201911140920,857,毕节,红包业务,0.00
201911140925,857,毕节,红包业务,0.00
201911140930,857,毕节,红包业务,0.00
201911140935,857,毕节,红包业务,0.00
201911140940,857,毕节,红包业务,0.00
201911140945,857,毕节,红包业务,0.00
201911140950,857,毕节,红包业务,0.00
201911140955,857,毕节,红包业务,0.00
201911141000,857,毕节,红包业务,0.00
201911141005,857,毕节,红包业务,0.00
201911141010,857,毕节,红包业务,0.00
201911141015,857,毕节,红包业务,0.00
201911141020,857,毕节,红包业务,0.00
201911141025,857,毕节,红包业务,0.00
201911141030,857,毕节,红包业务,0.00
201911141035,857,毕节,红包业务,0.00
201911141040,857,毕节,红包业务,0.00
201911141045,857,毕节,红包业务,0.00
201911141050,857,毕节,红包业务,0.00
201911141055,857,毕节,红包业务,0.00
201911141100,857,毕节,红包业务,0.00
201911141105,857,毕节,红包业务,0.00
201911141110,857,毕节,红包业务,0.00
201911141115,857,毕节,红包业务,0.00
201911141120,857,毕节,红包业务,0.00
201911141125,857,毕节,红包业务,0.00
201911141130,857,毕节,红包业务,0.00
201911141135,857,毕节,红包业务,0.00
201911141140,857,毕节,红包业务,0.00
201911141145,857,毕节,红包业务,0.00
201911141150,857,毕节,红包业务,0.00
201911141155,857,毕节,红包业务,0.00
201911141200,857,毕节,红包业务,0.00
201911141205,857,毕节,红包业务,0.00
201911141210,857,毕节,红包业务,0.00
201911141215,857,毕节,红包业务,0.00
201911141220,857,毕节,红包业务,0.00
201911141225,857,毕节,红包业务,0.00
201911141230,857,毕节,红包业务,0.00
201911141235,857,毕节,红包业务,0.00
201911141240,857,毕节,红包业务,0.00
201911141245,857,毕节,红包业务,0.00
201911141250,857,毕节,红包业务,0.00
201911141255,857,毕节,红包业务,0.00
201911141300,857,毕节,红包业务,0.00
201911141305,857,毕节,红包业务,0.00
201911141310,857,毕节,红包业务,0.00
201911141315,857,毕节,红包业务,0.00
201911141320,857,毕节,红包业务,0.00
201911141325,857,毕节,红包业务,0.00
201911141330,857,毕节,红包业务,0.00
201911141335,857,毕节,红包业务,0.00
201911141340,857,毕节,红包业务,0.00
201911141345,857,毕节,红包业务,0.00
201911141350,857,毕节,红包业务,0.00
201911141355,857,毕节,红包业务,0.00
201911141400,857,毕节,红包业务,0.00
201911141405,857,毕节,红包业务,0.00
201911141410,857,毕节,红包业务,0.00
201911141415,857,毕节,红包业务,0.00
201911141420,857,毕节,红包业务,0.00
201911141425,857,毕节,红包业务,0.00
201911141430,857,毕节,红包业务,0.00
201911141435,857,毕节,红包业务,0.00
201911141440,857,毕节,红包业务,0.00
201911141445,857,毕节,红包业务,0.00
201911141450,857,毕节,红包业务,0.00
201911141455,857,毕节,红包业务,0.00
201911141500,857,毕节,红包业务,0.00
201911141505,857,毕节,红包业务,0.00
201911141510,857,毕节,红包业务,0.00
201911141515,857,毕节,红包业务,0.00
201911141520,857,毕节,红包业务,0.00
201911141525,857,毕节,红包业务,0.00
201911141530,857,毕节,红包业务,0.00
201911141535,857,毕节,红包业务,0.00
201911141540,857,毕节,红包业务,0.00
201911141545,857,毕节,红包业务,0.00
201911141550,857,毕节,红包业务,0.00
201911141555,857,毕节,红包业务,0.00
201911141600,857,毕节,红包业务,0.00
201911141605,857,毕节,红包业务,0.00
201911141610,857,毕节,红包业务,0.00
201911141615,857,毕节,红包业务,0.00
201911141620,857,毕节,红包业务,0.00
201911141625,857,毕节,红包业务,0.00
201911141630,857,毕节,红包业务,0.00
201911141635,857,毕节,红包业务,0.00
201911141640,857,毕节,红包业务,0.00
201911141645,857,毕节,红包业务,0.00
201911141650,857,毕节,红包业务,0.00
201911141655,857,毕节,红包业务,0.00
201911141700,857,毕节,红包业务,0.00
201911141705,857,毕节,红包业务,0.00
201911141710,857,毕节,红包业务,0.00
201911141715,857,毕节,红包业务,0.00
201911141720,857,毕节,红包业务,0.00
201911141725,857,毕节,红包业务,0.00
201911141730,857,毕节,红包业务,0.00
201911141735,857,毕节,红包业务,0.00
201911141740,857,毕节,红包业务,0.00
201911141745,857,毕节,红包业务,0.00
201911141750,857,毕节,红包业务,0.00
201911141755,857,毕节,红包业务,0.00
201911141800,857,毕节,红包业务,0.00
201911141805,857,毕节,红包业务,0.00
201911141810,857,毕节,红包业务,0.00
201911141815,857,毕节,红包业务,0.00
201911141820,857,毕节,红包业务,0.00
201911141825,857,毕节,红包业务,0.00
201911141830,857,毕节,红包业务,0.00
201911141835,857,毕节,红包业务,0.00
201911141840,857,毕节,红包业务,0.00
201911141845,857,毕节,红包业务,0.00
201911141850,857,毕节,红包业务,0.00
201911141855,857,毕节,红包业务,0.00
201911141900,857,毕节,红包业务,0.00
201911141905,857,毕节,红包业务,0.00
201911141910,857,毕节,红包业务,0.00
201911141915,857,毕节,红包业务,0.00
201911141920,857,毕节,红包业务,0.00
201911141925,857,毕节,红包业务,0.00
201911141930,857,毕节,红包业务,0.00
201911141935,857,毕节,红包业务,0.00
201911141940,857,毕节,红包业务,0.00
201911141945,857,毕节,红包业务,0.00
201911141950,857,毕节,红包业务,0.00
201911141955,857,毕节,红包业务,0.00
201911142000,857,毕节,红包业务,0.00
201911142005,857,毕节,红包业务,0.00
201911142010,857,毕节,红包业务,0.00
201911142015,857,毕节,红包业务,0.00
201911142020,857,毕节,红包业务,0.00
201911142025,857,毕节,红包业务,0.00
201911142030,857,毕节,红包业务,0.00
201911142035,857,毕节,红包业务,0.00
201911142040,857,毕节,红包业务,0.00
201911142045,857,毕节,红包业务,0.00
201911142050,857,毕节,红包业务,0.00
201911142055,857,毕节,红包业务,0.00
201911142100,857,毕节,红包业务,0.00
201911142105,857,毕节,红包业务,0.00
201911142110,857,毕节,红包业务,0.00
201911142115,857,毕节,红包业务,0.00
201911142120,857,毕节,红包业务,0.00
201911142125,857,毕节,红包业务,0.00
201911142130,857,毕节,红包业务,0.00
201911142135,857,毕节,红包业务,0.00
201911142140,857,毕节,红包业务,0.00
201911142145,857,毕节,红包业务,0.00
201911142150,857,毕节,红包业务,0.00
201911142155,857,毕节,红包业务,0.00
201911142200,857,毕节,红包业务,0.00
201911142205,857,毕节,红包业务,0.00
201911142210,857,毕节,红包业务,0.00
201911142215,857,毕节,红包业务,0.00
201911142220,857,毕节,红包业务,0.00
201911142225,857,毕节,红包业务,0.00
201911142230,857,毕节,红包业务,0.00
201911142235,857,毕节,红包业务,0.00
201911142240,857,毕节,红包业务,0.00
201911142245,857,毕节,红包业务,0.00
201911142250,857,毕节,红包业务,0.00
201911142255,857,毕节,红包业务,0.00
201911142300,857,毕节,红包业务,0.00
201911142305,857,毕节,红包业务,0.00
201911142310,857,毕节,红包业务,0.00
201911142315,857,毕节,红包业务,0.00
201911142320,857,毕节,红包业务,0.00
201911142325,857,毕节,红包业务,0.00
201911142330,857,毕节,红包业务,0.00
201911142335,857,毕节,红包业务,0.00
201911142340,857,毕节,红包业务,0.00
201911142345,857,毕节,红包业务,0.00
201911142350,857,毕节,红包业务,0.00
201911142355,857,毕节,红包业务,0.00
201911150000,857,毕节,红包业务,0.00
201911150005,857,毕节,红包业务,0.00
201911150010,857,毕节,红包业务,0.00
201911150015,857,毕节,红包业务,0.00
201911150020,857,毕节,红包业务,0.00
201911150025,857,毕节,红包业务,0.00
201911150030,857,毕节,红包业务,0.00
201911150035,857,毕节,红包业务,0.00
201911150040,857,毕节,红包业务,0.00
201911150045,857,毕节,红包业务,0.00
201911150050,857,毕节,红包业务,0.00
201911150055,857,毕节,红包业务,0.00
201911150100,857,毕节,红包业务,0.00
201911150105,857,毕节,红包业务,0.00
201911150110,857,毕节,红包业务,0.00
201911150115,857,毕节,红包业务,0.00
201911150120,857,毕节,红包业务,0.00
201911150125,857,毕节,红包业务,0.00
201911150130,857,毕节,红包业务,0.00
201911150135,857,毕节,红包业务,0.00
201911150140,857,毕节,红包业务,0.00
201911150145,857,毕节,红包业务,0.00
201911150150,857,毕节,红包业务,0.00
201911150155,857,毕节,红包业务,0.00
201911150200,857,毕节,红包业务,0.00
201911150205,857,毕节,红包业务,0.00
201911150210,857,毕节,红包业务,0.00
201911150215,857,毕节,红包业务,0.00
201911150220,857,毕节,红包业务,0.00
201911150225,857,毕节,红包业务,0.00
201911150230,857,毕节,红包业务,0.00
201911150235,857,毕节,红包业务,0.00
201911150240,857,毕节,红包业务,0.00
201911150245,857,毕节,红包业务,0.00
201911150250,857,毕节,红包业务,0.00
201911150255,857,毕节,红包业务,0.00
201911150300,857,毕节,红包业务,0.00
201911150305,857,毕节,红包业务,0.00
201911150310,857,毕节,红包业务,0.00
201911150315,857,毕节,红包业务,0.00
201911150320,857,毕节,红包业务,0.00
201911150325,857,毕节,红包业务,0.00
201911150330,857,毕节,红包业务,0.00
201911150335,857,毕节,红包业务,0.00
201911150340,857,毕节,红包业务,0.00
201911150345,857,毕节,红包业务,0.00
201911150350,857,毕节,红包业务,0.00
201911150355,857,毕节,红包业务,0.00
201911150400,857,毕节,红包业务,0.00
201911150405,857,毕节,红包业务,0.00
201911150410,857,毕节,红包业务,0.00
201911150415,857,毕节,红包业务,0.00
201911150420,857,毕节,红包业务,0.00
201911150425,857,毕节,红包业务,0.00
201911150430,857,毕节,红包业务,0.00
201911150435,857,毕节,红包业务,0.00
201911150440,857,毕节,红包业务,0.00
201911150445,857,毕节,红包业务,0.00
201911150450,857,毕节,红包业务,0.00
201911150455,857,毕节,红包业务,0.00
201911150500,857,毕节,红包业务,0.00
201911150505,857,毕节,红包业务,0.00
201911150510,857,毕节,红包业务,0.00
201911150515,857,毕节,红包业务,0.00
201911150520,857,毕节,红包业务,0.00
201911150525,857,毕节,红包业务,0.00
201911150530,857,毕节,红包业务,0.00
201911150535,857,毕节,红包业务,0.00
201911150540,857,毕节,红包业务,0.00
201911150545,857,毕节,红包业务,0.00
201911150550,857,毕节,红包业务,0.00
201911150555,857,毕节,红包业务,0.00
201911150600,857,毕节,红包业务,0.00
201911150605,857,毕节,红包业务,0.00
201911150610,857,毕节,红包业务,0.00
201911150615,857,毕节,红包业务,0.00
201911150620,857,毕节,红包业务,0.00
201911150625,857,毕节,红包业务,0.00
201911150630,857,毕节,红包业务,0.00
201911150635,857,毕节,红包业务,0.00
201911150640,857,毕节,红包业务,0.00
201911150645,857,毕节,红包业务,0.00
201911150650,857,毕节,红包业务,0.00
201911150655,857,毕节,红包业务,0.00
201911150700,857,毕节,红包业务,0.00
201911150705,857,毕节,红包业务,0.00
201911150710,857,毕节,红包业务,0.00
201911150715,857,毕节,红包业务,0.00
201911150720,857,毕节,红包业务,0.00
201911150725,857,毕节,红包业务,0.00
201911150730,857,毕节,红包业务,0.00
201911150735,857,毕节,红包业务,0.00
201911150740,857,毕节,红包业务,0.00
201911150745,857,毕节,红包业务,0.00
201911150750,857,毕节,红包业务,0.00
201911150755,857,毕节,红包业务,0.00
201911150800,857,毕节,红包业务,0.00
201911150805,857,毕节,红包业务,0.00
201911150810,857,毕节,红包业务,0.00
201911150815,857,毕节,红包业务,0.00
201911150820,857,毕节,红包业务,0.00
201911150825,857,毕节,红包业务,0.00
201911150830,857,毕节,红包业务,0.00
201911150835,857,毕节,红包业务,0.00
201911150840,857,毕节,红包业务,0.00
201911150845,857,毕节,红包业务,0.00
201911150850,857,毕节,红包业务,0.00
201911150855,857,毕节,红包业务,0.00
201911150900,857,毕节,红包业务,0.00
201911150905,857,毕节,红包业务,0.00
201911150910,857,毕节,红包业务,0.00
201911150915,857,毕节,红包业务,0.00
201911150920,857,毕节,红包业务,0.00
201911150925,857,毕节,红包业务,0.00
201911150930,857,毕节,红包业务,0.00
201911150935,857,毕节,红包业务,0.00
201911150940,857,毕节,红包业务,0.00
201911150945,857,毕节,红包业务,0.00
201911150950,857,毕节,红包业务,0.00
201911150955,857,毕节,红包业务,0.00
201911151000,857,毕节,红包业务,0.00
201911151005,857,毕节,红包业务,0.00
201911151010,857,毕节,红包业务,0.00
201911151015,857,毕节,红包业务,0.00
201911151020,857,毕节,红包业务,0.00
201911151025,857,毕节,红包业务,0.00
201911151030,857,毕节,红包业务,0.00
201911151035,857,毕节,红包业务,0.00
201911151040,857,毕节,红包业务,0.00
201911151045,857,毕节,红包业务,0.00
201911151050,857,毕节,红包业务,0.00
201911151055,857,毕节,红包业务,0.00
201911151100,857,毕节,红包业务,0.00
201911151105,857,毕节,红包业务,0.00
201911151110,857,毕节,红包业务,0.00
201911151115,857,毕节,红包业务,0.00
201911151120,857,毕节,红包业务,0.00
201911151125,857,毕节,红包业务,0.00
201911151130,857,毕节,红包业务,0.00
